scenario,seed,method,trajectory_index,both_passed,collision,margin_violation,minimum_separation_m,crossing_gap_s,tracking_rmse_mean_m,maximum_tracking_error_m,maximum_tilt_degrees,motor_saturation_fraction
severe,8101,nash_reference,0,1,1,1,0.20838956458448665,0.08955952480075435,0.19838482448701739,0.2937579524170361,21.894434710837213,0.0
severe,8101,nash_reference,1,1,0,0,0.4377038481398743,0.64905267035768,0.1375499906741422,0.17949278683920133,16.321482316988988,0.0
severe,8101,teacher_expert,0,1,1,1,0.18178665619872275,0.19243866847848512,0.19829153179742537,0.29354657126904143,21.20077955158831,0.0
severe,8101,teacher_expert,1,1,0,0,0.5057607091106645,0.7654690369738912,0.1373530267287007,0.179402191344562,19.769278234176852,0.0
severe,8101,nash_reference_hocbf,0,1,0,1,0.3473644233261775,0.4333232589221341,0.1983578752442381,0.2894676931837794,19.87342061051989,0.0
severe,8101,nash_reference_hocbf,1,1,0,0,0.5057684412214453,0.9574814895946093,0.13589834040443644,0.1798671098654177,22.31404605440109,0.0
severe,8101,phase1_cfm_hocbf,0,1,0,1,0.34138202333929113,0.45792820590653793,0.19965491468764424,0.2911848192259545,19.667365889952613,0.0
severe,8101,phase1_cfm_hocbf,1,1,0,0,0.5057684412214453,0.9834903942845208,0.13427973065028306,0.17861608567027457,29.81973187896672,0.0
severe,8101,phase2_guided_cfm_hocbf,0,1,0,1,0.34761385927656185,0.46145916379470586,0.2016913097833059,0.2955085082579909,20.42127185547078,0.0
severe,8101,phase2_guided_cfm_hocbf,1,1,0,0,0.5057684412214453,0.9832426701589307,0.13456416668145485,0.1793726586624766,30.67504887769479,0.0
