seed,scenario_index,method,nominal_crossing_0_s,nominal_crossing_1_s,nash_action_0,nash_action_1,nominal_priority_agent,delay_0_s,delay_1_s,both_passed,collision,deadlock,minimum_separation_m,crossing_time_0_s,crossing_time_1_s,crossing_gap_s,completion_time_s,payoff_0,payoff_1,social_payoff,hocbf_intervention_rate,mean_hocbf_correction,maximum_acceleration_mps2
1,0,independent,2.3838604523185567,2.193688936196601,yield,go,1,0.0,0.0,1,1,0,0.10374290886749882,2.416722022462871,2.2300392201534645,0.1866828023094067,2.416722022462871,-20.0,-20.0,-40.0,0.0,0.0,1.6016490055915882
1,0,fixed_priority,2.3838604523185567,2.193688936196601,yield,go,1,0.0,0.8,1,0,0,0.3758641960603637,2.416722022462871,3.0296915935826076,0.6129695711197365,3.0296915935826076,8.791638988768565,5.485154203208696,14.27679319197726,0.0,0.0,1.6119725359834858
1,0,hocbf_only,2.3838604523185567,2.193688936196601,yield,go,1,0.0,0.0,1,0,0,0.3607688851309259,2.5663439904252874,2.0765722389675467,0.48977175145774066,2.5663439904252874,5.716828004787356,8.961713880516227,14.678541885303583,0.3971486761710794,0.8194290727551096,1.6031249573235042
1,0,nash_game,2.3838604523185567,2.193688936196601,yield,go,1,0.8,0.0,1,0,0,0.660440723089229,3.2163643019754793,2.2300392201534645,0.9863250818220148,3.2163643019754793,5.39181784901226,8.884980389923268,14.276798238935527,0.0,0.0,1.6016490055915882
1,0,nash_game_hocbf,2.3838604523185567,2.193688936196601,yield,go,1,0.8,0.0,1,0,0,0.660440723089229,3.2163643019754793,2.2300392201534645,0.9863250818220148,3.2163643019754793,5.39181784901226,8.884980389923268,14.276798238935527,0.0,0.0,1.6016490055915882
1,1,independent,1.7561320966724738,1.9190005953313891,go,yield,0,0.0,0.0,1,1,0,0.0964351804194531,1.773608727403528,1.9424682401703388,0.16885951276681088,1.9424682401703388,-20.0,-20.0,-40.0,0.0,0.0,2.203034909233845
1,1,fixed_priority,1.7561320966724738,1.9190005953313891,go,yield,0,0.0,0.8,1,0,0,0.5401029949681742,1.773608727403528,2.7424901041317304,0.9688813767282025,2.7424901041317304,9.113195636298236,5.628754947934135,14.74195058423237,0.0,0.0,2.203034909233845
1,1,hocbf_only,1.7561320966724738,1.9190005953313891,go,yield,0,0.0,0.0,1,0,0,0.3671624736173741,1.650575481860292,2.06980203843161,0.419226556571318,2.06980203843161,9.174712259069853,5.9650989807841945,15.139811239854048,0.3665158371040724,0.9584357354273736,2.1707050900901366
1,1,nash_game,1.7561320966724738,1.9190005953313891,go,yield,0,0.0,0.8,1,0,0,0.5401029949681742,1.773608727403528,2.7424901041317304,0.9688813767282025,2.7424901041317304,9.113195636298236,5.628754947934135,14.74195058423237,0.0,0.0,2.203034909233845
1,1,nash_game_hocbf,1.7561320966724738,1.9190005953313891,go,yield,0,0.0,0.8,1,0,0,0.5401029949681742,1.773608727403528,2.7424901041317304,0.9688813767282025,2.7424901041317304,9.113195636298236,5.628754947934135,14.74195058423237,0.04789272030651341,0.3459197682716144,2.203034909233845
1,2,independent,1.9614358311127496,1.8367074340071519,yield,go,1,0.0,0.0,1,1,0,0.06768302014725534,1.9907720566337728,1.869284811177582,0.12148724545619083,1.9907720566337728,-20.0,-20.0,-40.0,0.0,0.0,2.064250582984234
1,2,fixed_priority,1.9614358311127496,1.8367074340071519,yield,go,1,0.0,0.8,1,0,0,0.4421985881032775,1.9907720566337728,2.669487039300188,0.6787149826664154,2.669487039300188,9.004613971683114,5.665256480349906,14.66987045203302,0.0,0.0,2.0811812714917757
1,2,hocbf_only,1.9614358311127496,1.8367074340071519,yield,go,1,0.0,0.0,1,0,0,0.36017871007213537,2.1127845173399233,1.7516753363689084,0.36110918097101496,2.1127845173399233,5.943607741330038,9.124162331815546,15.067770073145585,0.38636363636363635,1.0573983569495076,2.057830225642844
1,2,nash_game,1.9614358311127496,1.8367074340071519,yield,go,1,0.8,0.0,1,0,0,0.5825337890547941,2.790718866842443,1.869284811177582,0.9214340556648613,2.790718866842443,5.604640566578778,9.065357594411209,14.669998160989987,0.0,0.0,2.064250582984234
1,2,nash_game_hocbf,1.9614358311127496,1.8367074340071519,yield,go,1,0.8,0.0,1,0,0,0.5961972690978343,2.790718866842443,1.869284811177582,0.9214340556648613,2.790718866842443,5.604640566578778,9.065357594411209,14.669998160989987,0.046153846153846156,0.3241597875642224,2.064250582984234
1,3,independent,1.8963422026169612,2.0207756487069006,go,yield,0,0.0,0.0,1,1,0,0.0806480453309445,1.8833902689003585,1.9947992735522655,0.11140900465190695,1.9947992735522655,-20.0,-20.0,-40.0,0.0,0.0,2.069272682879015
1,3,fixed_priority,1.8963422026169612,2.0207756487069006,go,yield,0,0.0,0.8,1,0,0,0.6214966797196649,1.8833902689003585,2.7948583793782125,0.9114681104778539,2.7948583793782125,9.05830486554982,5.602570810310894,14.660875675860714,0.0,0.0,2.069272682879015
1,3,hocbf_only,1.8963422026169612,2.0207756487069006,go,yield,0,0.0,0.0,1,0,0,0.37502061779974916,1.801842496221236,2.0873834633775403,0.2855409671563043,2.0873834633775403,9.099078751889381,5.95630826831123,15.055387020200612,0.3657505285412262,0.9864466282975521,2.069272682879015
1,3,nash_game,1.8963422026169612,2.0207756487069006,go,yield,0,0.0,0.8,1,0,0,0.6214966797196649,1.8833902689003585,2.7948583793782125,0.9114681104778539,2.7948583793782125,9.05830486554982,5.602570810310894,14.660875675860714,0.0,0.0,2.069272682879015
1,3,nash_game_hocbf,1.8963422026169612,2.0207756487069006,go,yield,0,0.0,0.8,1,0,0,0.6214966797196649,1.8833902689003585,2.7948583793782125,0.9114681104778539,2.7948583793782125,9.05830486554982,5.602570810310894,14.660875675860714,0.028933092224231464,0.12602055620446523,2.069272682879015
1,4,independent,1.9596936451129294,2.2923411554120467,go,yield,0,0.0,0.0,1,1,0,0.18503670948251214,1.961278413632719,2.25709194089918,0.2958135272664608,2.25709194089918,-20.0,-20.0,-40.0,0.0,0.0,2.1234552986799287
1,4,fixed_priority,1.9596936451129294,2.2923411554120467,go,yield,0,0.0,0.8,1,0,0,0.5277766320015989,1.961278413632719,3.057485299762899,1.0962068861301801,3.057485299762899,9.01936079318364,5.471257350118551,14.490618143302191,0.0,0.0,2.1234552986799287
1,4,hocbf_only,1.9596936451129294,2.2923411554120467,go,yield,0,0.0,0.0,1,0,0,0.36106735129645706,1.8464767504232025,2.387506270599516,0.5410295201763133,2.387506270599516,9.076761624788398,5.806246864700242,14.88300848948864,0.3274725274725275,0.5640562786242631,2.070446243548436
1,4,nash_game,1.9596936451129294,2.2923411554120467,go,yield,0,0.0,0.8,1,0,0,0.5277766320015989,1.961278413632719,3.057485299762899,1.0962068861301801,3.057485299762899,9.01936079318364,5.471257350118551,14.490618143302191,0.0,0.0,2.1234552986799287
1,4,nash_game_hocbf,1.9596936451129294,2.2923411554120467,go,yield,0,0.0,0.8,1,0,0,0.5277766320015989,1.961278413632719,3.057485299762899,1.0962068861301801,3.057485299762899,9.01936079318364,5.471257350118551,14.490618143302191,0.028037383177570093,0.15304202205301673,2.1234552986799287
1,5,independent,2.114872758605764,2.2682361185228177,go,yield,0,0.0,0.0,1,1,0,0.1234856830910665,2.104571318743565,2.3284773605631335,0.22390604181956864,2.3284773605631335,-20.0,-20.0,-40.0,0.0,0.0,1.7838273728871819
1,5,fixed_priority,2.114872758605764,2.2682361185228177,go,yield,0,0.0,0.8,1,0,0,0.5130654607778589,2.104571318743565,3.1278203227850905,1.0232490040415256,3.1278203227850905,8.947714340628217,5.4360898386074545,14.383804179235671,0.0,0.0,1.7838273728871819
1,5,hocbf_only,2.114872758605764,2.2682361185228177,go,yield,0,0.0,0.0,1,0,0,0.3680042156465061,1.9758902958835214,2.4628474586979663,0.4869571628144449,2.4628474586979663,9.01205485205824,5.768576270651017,14.780631122709256,0.39300411522633744,0.8819512571965273,1.7006428258324833
1,5,nash_game,2.114872758605764,2.2682361185228177,go,yield,0,0.0,0.8,1,0,0,0.5130654607778589,2.104571318743565,3.1278203227850905,1.0232490040415256,3.1278203227850905,8.947714340628217,5.4360898386074545,14.383804179235671,0.0,0.0,1.7838273728871819
1,5,nash_game_hocbf,2.114872758605764,2.2682361185228177,go,yield,0,0.0,0.8,1,0,0,0.5130654607778589,2.104571318743565,3.1278203227850905,1.0232490040415256,3.1278203227850905,8.947714340628217,5.4360898386074545,14.383804179235671,0.045936395759717315,0.30908896931922375,1.7838273728871819
1,6,independent,1.9965807018237491,2.208113525571241,go,yield,0,0.0,0.0,1,1,0,0.11682805727626085,2.0349698100658036,2.2197182720085515,0.18474846194274797,2.2197182720085515,-20.0,-20.0,-40.0,0.0,0.0,2.19691343645212
1,6,fixed_priority,1.9965807018237491,2.208113525571241,go,yield,0,0.0,0.8,1,0,0,0.46198119934133475,2.0349698100658036,3.019624931161244,0.9846551210954404,3.019624931161244,8.982515094967098,5.490187534419378,14.472702629386475,0.0,0.0,2.19691343645212
1,6,hocbf_only,1.9965807018237491,2.208113525571241,go,yield,0,0.0,0.0,1,0,0,0.34962281772178255,1.8810853194897765,2.372235937133514,0.4911506176437377,2.372235937133514,9.059457340255111,5.813882031433243,14.873339371688354,0.3785557986870897,0.9409309520999078,2.099205584361857
1,6,nash_game,1.9965807018237491,2.208113525571241,go,yield,0,0.0,0.8,1,0,0,0.46198119934133475,2.0349698100658036,3.019624931161244,0.9846551210954404,3.019624931161244,8.982515094967098,5.490187534419378,14.472702629386475,0.0,0.0,2.19691343645212
1,6,nash_game_hocbf,1.9965807018237491,2.208113525571241,go,yield,0,0.0,0.8,1,0,0,0.48040883349991187,2.0349698100658036,3.019624931161244,0.9846551210954404,3.019624931161244,8.982515094967098,5.490187534419378,14.472702629386475,0.0931098696461825,0.49947288285185876,2.19691343645212
1,7,independent,1.8573687848539717,2.040690278603946,go,yield,0,0.0,0.0,1,1,0,0.09805132051623784,1.8536846009618786,2.0158528914616527,0.1621682904997741,2.0158528914616527,-20.0,-20.0,-40.0,0.0,0.0,1.9144343059368139
1,7,fixed_priority,1.8573687848539717,2.040690278603946,go,yield,0,0.0,0.8,1,0,0,0.5410077576431193,1.8536846009618786,2.815937887238048,0.9622532862761692,2.815937887238048,9.073157699519061,5.592031056380976,14.665188755900036,0.0,0.0,1.9144343059368139
1,7,hocbf_only,1.8573687848539717,2.040690278603946,go,yield,0,0.0,0.0,1,0,0,0.35829104153232694,1.712821772422944,2.1713851477191395,0.4585633752961955,2.1713851477191395,9.143589113788527,5.9143074261404305,15.057896539928958,0.3706140350877193,0.9356208677102993,1.9045314297157387
1,7,nash_game,1.8573687848539717,2.040690278603946,go,yield,0,0.0,0.8,1,0,0,0.5410077576431193,1.8536846009618786,2.815937887238048,0.9622532862761692,2.815937887238048,9.073157699519061,5.592031056380976,14.665188755900036,0.0,0.0,1.9144343059368139
1,7,nash_game_hocbf,1.8573687848539717,2.040690278603946,go,yield,0,0.0,0.8,1,0,0,0.5520644610910177,1.8536846009618786,2.815937887238048,0.9622532862761692,2.815937887238048,9.073157699519061,5.592031056380976,14.665188755900036,0.04664179104477612,0.29228662963694646,1.9144343059368139
1,8,independent,2.1711872138341515,1.9575000658310082,yield,go,1,0.0,0.0,1,1,0,0.10898180847645762,2.179056001697611,1.9870051242111104,0.19205087748650063,2.179056001697611,-20.0,-20.0,-40.0,0.0,0.0,1.6597937462682608
1,8,fixed_priority,2.1711872138341515,1.9575000658310082,yield,go,1,0.0,0.8,1,0,0,0.3691484499376394,2.179056001697611,2.786956416025795,0.6079004143281841,2.786956416025795,8.910471999151195,5.606521791987102,14.516993791138297,0.0,0.0,1.673704001828212
1,8,hocbf_only,2.1711872138341515,1.9575000658310082,yield,go,1,0.0,0.0,1,0,0,0.3614712994885034,2.3222897220960825,1.8458435908910005,0.47644613120508206,2.3222897220960825,5.838855138951959,9.0770782045545,14.91593334350646,0.37606837606837606,0.8356852690894115,1.6601830182122073
1,8,nash_game,2.1711872138341515,1.9575000658310082,yield,go,1,0.8,0.0,1,0,0,0.5300661717070176,2.9789969434310444,1.9870051242111104,0.991991819219934,2.9789969434310444,5.510501528284478,9.006497437894446,14.516998966178924,0.0,0.0,1.6597937462682608
1,8,nash_game_hocbf,2.1711872138341515,1.9575000658310082,yield,go,1,0.8,0.0,1,0,0,0.539152560120006,2.9789969434310444,1.9870051242111104,0.991991819219934,2.9789969434310444,5.510501528284478,9.006497437894446,14.516998966178924,0.043795620437956206,0.22173927579929267,1.6597937462682608
1,9,independent,1.7053788078091792,1.723316868657082,go,yield,0,0.0,0.0,1,1,0,0.045196411828876216,1.651050415264325,1.7147803131085926,0.06372989784426752,1.7147803131085926,-20.0,-20.0,-40.0,0.0,0.0,2.2356898843525843
1,9,fixed_priority,1.7053788078091792,1.723316868657082,go,yield,0,0.0,0.8,1,0,0,0.5076430895891296,1.651050415264325,2.5145605880510753,0.8635101727867502,2.5145605880510753,9.174474792367837,5.742719705974462,14.9171944983423,0.0,0.0,2.229698900620199
1,9,hocbf_only,1.7053788078091792,1.723316868657082,go,yield,0,0.0,0.0,1,0,0,0.3623752877565028,1.5763166213434323,1.8007123360981125,0.22439571475468023,1.8007123360981125,9.211841689328283,6.099643831950944,15.311485521279227,0.4671201814058957,1.0787247012412982,2.129071830689659
1,9,nash_game,1.7053788078091792,1.723316868657082,go,yield,0,0.0,0.8,1,0,0,0.5076430895891296,1.651050415264325,2.5145605880510753,0.8635101727867502,2.5145605880510753,9.174474792367837,5.742719705974462,14.9171944983423,0.0,0.0,2.229698900620199
1,9,nash_game_hocbf,1.7053788078091792,1.723316868657082,go,yield,0,0.0,0.8,1,0,0,0.510896364293973,1.6490411162917415,2.5274621777288186,0.8784210614370771,2.5274621777288186,9.17547944185413,5.736268911135591,14.91174835298972,0.11132437619961612,0.304190487268936,2.229698900620199
1,10,independent,1.760628122854228,1.7995871050425556,go,yield,0,0.0,0.0,1,1,0,0.02596540013014169,1.7366882924282014,1.780978594278186,0.044290301849984504,1.780978594278186,-20.0,-20.0,-40.0,0.0,0.0,2.2891800167471588
1,10,fixed_priority,1.760628122854228,1.7995871050425556,go,yield,0,0.0,0.8,1,0,0,0.5798093992582576,1.7366882924282014,2.580677415181961,0.8439891227537595,2.580677415181961,9.1316558537859,5.709661292409019,14.841317146194918,0.0,0.0,2.2892872364715537
1,10,hocbf_only,1.760628122854228,1.7995871050425556,go,yield,0,0.0,0.0,1,0,0,0.3629747401403259,1.6541303080419152,1.8698519403553988,0.21572163231348362,1.8698519403553988,9.172934845979043,6.0650740298223,15.238008875801343,0.43123543123543123,1.1092436162030328,2.298393199322237
1,10,nash_game,1.760628122854228,1.7995871050425556,go,yield,0,0.0,0.8,1,0,0,0.5798093992582576,1.7366882924282014,2.580677415181961,0.8439891227537595,2.580677415181961,9.1316558537859,5.709661292409019,14.841317146194918,0.0,0.0,2.2892872364715537
1,10,nash_game_hocbf,1.760628122854228,1.7995871050425556,go,yield,0,0.0,0.8,1,0,0,0.5798093992582576,1.7328019078787262,2.5938023583341723,0.861000450455446,2.5938023583341723,9.133599046060636,5.703098820832913,14.83669786689355,0.09037328094302555,0.24652486845357777,2.2767360571279336
1,11,independent,1.6149517619062612,1.8494899461060326,go,yield,0,0.0,0.0,1,1,0,0.13321830713923552,1.595133857689211,1.8280497052671443,0.23291584757793338,1.8280497052671443,-20.0,-20.0,-40.0,0.0,0.0,2.278924409900063
1,11,fixed_priority,1.6149517619062612,1.8494899461060326,go,yield,0,0.0,0.8,1,0,0,0.4494997348780484,1.595133857689211,2.6278156660785656,1.0326818083893547,2.6278156660785656,9.202433071155394,5.686092166960718,14.888525238116111,0.0,0.0,2.278924409900063
1,11,hocbf_only,1.6149517619062612,1.8494899461060326,go,yield,0,0.0,0.0,1,0,0,0.3604762542731927,1.4516440337445138,2.000644986797906,0.5490009530533921,2.000644986797906,9.274177983127743,5.9996775066010475,15.27385548972879,0.28798185941043086,0.8562029665724106,2.278924409900063
1,11,nash_game,1.6149517619062612,1.8494899461060326,go,yield,0,0.0,0.8,1,0,0,0.4494997348780484,1.595133857689211,2.6278156660785656,1.0326818083893547,2.6278156660785656,9.202433071155394,5.686092166960718,14.888525238116111,0.0,0.0,2.278924409900063
1,11,nash_game_hocbf,1.6149517619062612,1.8494899461060326,go,yield,0,0.0,0.8,1,0,0,0.4596415291176496,1.595133857689211,2.6278156660785656,1.0326818083893547,2.6278156660785656,9.202433071155394,5.686092166960718,14.888525238116111,0.09021113243761997,0.6764993397263773,2.278924409900063
