method,ode_steps,num_seeds,success_rate_mean,success_rate_std,ring_pass_rate_mean,ring_pass_rate_std,collision_free_rate_mean,collision_free_rate_std,dynamic_feasibility_rate_mean,dynamic_feasibility_rate_std,endpoint_feasibility_rate_mean,endpoint_feasibility_rate_std,mean_maximum_speed_mean,mean_maximum_speed_std,mean_maximum_acceleration_mean,mean_maximum_acceleration_std,mean_path_length_mean,mean_path_length_std,trajectory_rmse_to_expert_mean,trajectory_rmse_to_expert_std,end_to_end_ms_per_trajectory_mean,end_to_end_ms_per_trajectory_std,ode_ms_per_trajectory_mean,ode_ms_per_trajectory_std,mean_residual_scale_mean,mean_residual_scale_std,cbf_intervention_rate_mean,cbf_intervention_rate_std
boundary_trajectory,1,3,0.0,0.0,0.8880208333333334,0.027436598314720673,0.8880208333333334,0.027436598314720673,0.0,0.0,1.0,0.0,18.40609648095677,0.051657862804728935,311.3435180086936,3.5832485731437838,35.23754946774897,0.17064667639807984,0.27574876096745776,0.0008083658871276911,0.48254322973662056,0.04734013830846324,0.33790807295493624,0.02841043122474238,1.0,0.0,0.0,0.0
boundary_trajectory,2,3,0.0,0.0,1.0,0.0,1.0,0.0,0.0,0.0,1.0,0.0,7.7154468724827865,0.07791910923581384,118.09256482196842,1.9478237109763987,13.559304513965381,0.03228912404325831,0.22800592769398378,0.001157922936152112,0.9098630210549649,0.023991256876287722,0.7644460929441266,0.019844263657565597,1.0,0.0,0.0,0.0
boundary_trajectory,4,3,0.0,0.0,1.0,0.0,1.0,0.0,0.0,0.0,1.0,0.0,4.864569052844982,0.08519218492524457,55.12093664499395,0.5613352891071822,7.109142261534708,0.03844877828240123,0.24539574113281212,0.001434536191344306,1.5389153650176013,0.185551361123636,1.3880085934943054,0.19085752493792427,1.0,0.0,0.0,0.0
boundary_trajectory,8,3,0.0,0.0,0.9973958333333334,0.004510548978043951,0.9973958333333334,0.004510548978043951,0.0,0.0,1.0,0.0,4.316451121989142,0.07579353914535684,34.28081301902293,1.3413468767292485,5.151610812148063,0.0035621910446141016,0.25200357705151955,0.0014265405746112564,3.016141927218996,0.4285849228894704,2.859950260244659,0.4160566885627056,1.0,0.0,0.0,0.0
boundary_trajectory,16,3,0.0,0.0,0.9973958333333334,0.004510548978043951,0.9973958333333334,0.004510548978043951,0.0,0.0,1.0,0.0,4.237834172188273,0.08076436145182932,30.23012030998801,1.3742941917927884,4.803828518047991,0.009612587577818747,0.25404487859415853,0.0013810571143451646,6.093269791866381,0.41199875309449807,5.949914844071221,0.40632522348839206,1.0,0.0,0.0,0.0
boundary_trajectory,32,3,0.0,0.0,0.9973958333333334,0.004510548978043951,0.9973958333333334,0.004510548978043951,0.0,0.0,1.0,0.0,4.149422475466953,0.0771875552252326,28.248111127862177,1.2929573044638356,4.685175015743106,0.010762377525485095,0.25362972813159357,0.0013232113255558378,11.63200494799336,0.1335706854069284,11.478096354039735,0.15263411630064316,1.0,0.0,0.0,0.0
boundary_trajectory,64,3,0.0,0.0,0.9973958333333334,0.004510548978043951,0.9973958333333334,0.004510548978043951,0.0,0.0,1.0,0.0,4.069688049726239,0.07767285096093121,27.13609381221153,1.2854423160141717,4.617898865445139,0.011751550898373105,0.2514297781702248,0.00138268005710618,22.256001301987755,0.5958228461454815,22.105528124787572,0.5917741454531295,1.0,0.0,0.0,0.0
projected_velocity,1,3,0.0,0.0,1.0,0.0,1.0,0.0,0.0,0.0,0.4817708333333333,0.02957764763437643,1.3455311386873356,0.0019530618224708046,8.98332587823912,0.3466546501983419,3.7127717527206934,0.001584660085143028,0.1105152698655469,0.0006334204923912812,0.48982265555726673,0.05522667951590441,0.3767710938215411,0.05708520774769674,1.0,0.0,0.0,0.0
projected_velocity,2,3,0.13541666666666666,0.019661027175184247,1.0,0.0,1.0,0.0,0.13541666666666666,0.019661027175184247,0.9973958333333334,0.004510548978043951,1.2244418914861868,0.004452234296426422,4.138733570308153,0.10123328601388545,3.640993390808204,0.0008470736279036176,0.13189699447833333,0.0029672451537589113,0.8387796885169033,0.06331090536879719,0.7288992195147633,0.06674746075094429,1.0,0.0,0.0,0.0
projected_velocity,4,3,0.5911458333333334,0.044423755492791615,1.0,0.0,1.0,0.0,0.5911458333333334,0.044423755492791615,1.0,0.0,1.2218884603698357,0.0025667342869912647,2.98557385619263,0.07584058303507626,3.6318159355415305,0.0005391965986059763,0.1461676854530512,0.003841565025739796,1.7154721354017965,0.2524664133282803,1.617282291893692,0.252790172138133,1.0,0.0,0.0,0.0
projected_velocity,8,3,0.7083333333333334,0.04302789490067267,1.0,0.0,1.0,0.0,0.7083333333333334,0.04302789490067267,1.0,0.0,1.219506127694015,0.0015954927474674243,2.704096834697474,0.06961872376484365,3.630229501423996,0.000477045342433298,0.15002213533257194,0.004146586802800077,2.943863020846038,0.17058953516491734,2.8306320309638977,0.1771682634185982,1.0,0.0,0.0,0.0
projected_velocity,16,3,0.71875,0.04878904686248749,1.0,0.0,1.0,0.0,0.71875,0.04878904686248749,1.0,0.0,1.2231549408113602,0.0015241205826678349,2.64856709386717,0.06841926038569059,3.6302342482261305,0.0004310652873949273,0.1518235628829028,0.0042797528795343485,6.313467187283095,0.7237051424413252,6.198604166759954,0.7206917982110418,1.0,0.0,0.0,0.0
projected_velocity,32,3,0.7265625,0.05122998847110938,1.0,0.0,1.0,0.0,0.7265625,0.05122998847110938,1.0,0.0,1.229087742282314,0.001563280503899294,2.630849278177895,0.0679897018444725,3.630726791174864,0.00043254464441697474,0.15370725736462368,0.0043925451271549796,11.216257031264831,0.14000368827190404,11.108054167683198,0.14410078996581988,1.0,0.0,0.0,0.0
projected_velocity,64,3,0.7291666666666666,0.05863713671457137,1.0,0.0,1.0,0.0,0.7291666666666666,0.05863713671457137,1.0,0.0,1.2261704809294673,0.0015751922853236902,2.6118905308129694,0.06597403883236708,3.630678624846599,0.00043622495411318194,0.15325326841339226,0.004350997798170784,23.044634635274026,0.777327457761888,22.943305208173115,0.7774759550108945,1.0,0.0,0.0,0.0
proposed_trajectory,1,3,1.0,0.0,1.0,0.0,1.0,0.0,1.0,0.0,1.0,0.0,1.5219741337287662,0.0026968992587847692,2.9896171718350026,0.0054971555781316754,3.6198462256113157,0.0002117406089584756,0.15820858540565852,5.8214038320184715e-05,43.0164833330006,0.21981459902907582,2.0345411455006492,0.051731240709750194,0.017729838689168293,0.007361771684102795,0.00048419179229480737,4.0861848293540623e-05
proposed_trajectory,2,3,1.0,0.0,1.0,0.0,1.0,0.0,1.0,0.0,1.0,0.0,1.5205307921419893,0.004737830134863964,2.995470047820568,0.002491468331970502,3.619683014170837,0.00012121354879538752,0.1582694288533963,0.00013385139123636748,44.953679166913695,1.2768413391577138,4.405643228892586,0.9881378338221234,0.03194634119669596,0.0042724594096872175,0.00031734191792294806,6.309968305716708e-05
proposed_trajectory,4,3,1.0,0.0,1.0,0.0,1.0,0.0,1.0,0.0,1.0,0.0,1.5362386251298978,0.002368890546095369,2.9880860513777705,0.013412908178363317,3.619463404838379,0.00017760963420795258,0.1583661126293088,0.0003539668641764259,51.162348177361615,2.180147846213672,9.007920573518883,0.5858009219752063,0.060408830642700195,0.0036314950554323013,0.0005185432370184255,0.0001395218451406772
proposed_trajectory,8,3,1.0,0.0,1.0,0.0,1.0,0.0,1.0,0.0,1.0,0.0,1.5824760067879902,0.0019141702750294501,2.973238741103991,0.022196751350321516,3.6190324445184636,0.00016542927411589996,0.15867669362378248,0.0006521755984747749,63.3602726557001,9.789379155737393,18.649201563069557,2.2526648375754497,0.10473791758219402,0.0082780426134296,0.0006060576319095478,0.0001516323272169478
proposed_trajectory,16,3,1.0,0.0,1.0,0.0,1.0,0.0,1.0,0.0,1.0,0.0,1.6070755146500233,0.0019413188192122953,2.9634661235366746,0.01996873104706815,3.618607395778754,0.0001784375606448513,0.15925472494690104,0.0008258457581251521,73.76627890577463,3.7080139986781755,34.90050026024013,1.4860567940546874,0.1274418036142985,0.010745281226477913,0.000628140703517588,0.00017901738314486133
proposed_trajectory,32,3,1.0,0.0,1.0,0.0,1.0,0.0,1.0,0.0,1.0,0.0,1.6177317266482267,0.0011477920153968723,2.9567530265013304,0.02235081463754968,3.6186107309065085,0.0002083566623522523,0.15962791882742491,0.0008825268875456244,98.97135312470103,2.538251673363122,62.11228567735816,2.1578449963039077,0.14045182863871256,0.011654262164288175,0.0006254825560092128,0.00017565030147403938
proposed_trajectory,64,3,1.0,0.0,1.0,0.0,1.0,0.0,1.0,0.0,1.0,0.0,1.6213709759451007,0.0010471765174337696,2.9536066874039375,0.024600382996093965,3.6186506640360308,0.00021458606869813253,0.15975279311804833,0.0008830425436412618,161.16575572899214,2.120163485681244,124.74545338530636,0.6253916480187264,0.14739282925923666,0.012108987014313373,0.0006080001243195142,0.0001694791305318479
raw_trajectory,1,3,0.0,0.0,0.09375,0.020669932117692115,0.09375,0.020669932117692115,0.0,0.0,0.0,0.0,54.29100075390693,2.422952415042628,1554.428534231768,27.98244535911863,126.43476689518606,1.0568774035163278,0.8987623600892607,0.008320855835250825,0.4380893230215103,0.05976788690914952,0.43561849027658656,0.05951581654137399,1.0,0.0,0.0,0.0
raw_trajectory,2,3,0.0,0.0,0.9114583333333334,0.03157384284630766,0.9114583333333334,0.03157384284630766,0.0,0.0,0.0,0.0,22.079129867551178,1.023098593963169,617.562104810472,9.65167994627278,49.6332792774393,0.09615734679376749,0.7115291766048104,0.011120446914371508,0.7037354171188781,0.025659461473554794,0.7013572915942253,0.025893382483799098,1.0,0.0,0.0,0.0
raw_trajectory,4,3,0.0,0.0,1.0,0.0,1.0,0.0,0.0,0.0,0.0,0.0,11.586476124608865,0.8784728394026826,287.60156611481966,19.227255003549754,22.78702247935742,0.27341038031764847,0.7143575711237947,0.013105149637323711,1.4166768226762845,0.11197132507488494,1.4141528645268409,0.11222863104019602,1.0,0.0,0.0,0.0
raw_trajectory,8,3,0.0,0.0,1.0,0.0,1.0,0.0,0.0,0.0,0.0,0.0,8.763172019067047,0.49729964148018124,184.78890638761553,16.717812208291782,14.202975443168269,0.3330661834745324,0.7233901880098483,0.013952580113277671,2.8354174482956296,0.14816787471006335,2.83342942687644,0.1483024886601624,1.0,0.0,0.0,0.0
raw_trajectory,16,3,0.0,0.0,1.0,0.0,1.0,0.0,0.0,0.0,0.0,0.0,8.200215359674216,0.3699732644347218,161.5279480462271,13.19462607608166,12.583821045390197,0.3370964967108458,0.7281973369435314,0.014213424584111107,5.859033073647879,1.321103276320789,5.856666405937479,1.3206580767259637,1.0,0.0,0.0,0.0
raw_trajectory,32,3,0.0,0.0,1.0,0.0,1.0,0.0,0.0,0.0,0.0,0.0,7.989265139329003,0.32513909617195,153.7203967219422,11.928681029088485,12.171480977587743,0.3435466234264491,0.7296156481744758,0.014121855163655463,11.111212760927932,0.2300662993453886,11.10842890678517,0.2297590051075555,1.0,0.0,0.0,0.0
raw_trajectory,64,3,0.0,0.0,1.0,0.0,1.0,0.0,0.0,0.0,0.0,0.0,7.848841264560325,0.31529988853300966,149.6433203038522,11.958666228694668,11.97255318358048,0.34834739868927755,0.7279721344232489,0.014080203996867593,23.337709636204334,1.8141731585764325,23.33486640660946,1.8137189412678174,1.0,0.0,0.0,0.0
raw_velocity,1,3,0.0,0.0,1.0,0.0,1.0,0.0,0.0,0.0,0.005208333333333333,0.004510548978043952,1.3066704605017794,0.00212319672583583,8.484598964168123,0.21304534054852056,3.5443791188678606,0.004167959606466802,0.1600802587857357,0.0027831520277624335,0.44258671914576553,0.0413341448099315,0.4033153642618951,0.03934547836497747,1.0,0.0,0.0,0.0
raw_velocity,2,3,0.1015625,0.020669932117692115,1.0,0.0,1.0,0.0,0.20572916666666666,0.009021097956087902,0.4192708333333333,0.03932205435036849,1.2019165150836482,0.004209887956933644,3.7633611832453493,0.059597888961916735,3.540961402423893,0.0053181856691103474,0.1503694842176175,0.004770110284075378,0.9245369795583732,0.15531461193789903,0.882492968836838,0.1536909353610875,1.0,0.0,0.0,0.0
raw_velocity,4,3,0.5078125,0.0390625,1.0,0.0,1.0,0.0,0.7447916666666666,0.018042195912175808,0.625,0.013531646934131853,1.2014819110865382,0.0022062523189320766,2.54513929741009,0.01756228581628713,3.5393801167034282,0.004946214002496,0.1610654152865512,0.005925282610060791,1.4462664063709478,0.10583802103949644,1.4078885415074183,0.11188883884171504,1.0,0.0,0.0,0.0
raw_velocity,8,3,0.5338541666666666,0.03608439182435161,1.0,0.0,1.0,0.0,0.84375,0.013531646934131853,0.5911458333333334,0.009021097956087904,1.198728597061992,0.0012226197517991894,2.2959110002668712,0.01966810749309324,3.5350618799847413,0.004487539729467706,0.1647354593701145,0.006317167691407896,2.7629263016327363,0.010435675974406157,2.7245072912288983,0.012207278986708993,1.0,0.0,0.0,0.0
raw_velocity,16,3,0.546875,0.013531646934131853,1.0,0.0,1.0,0.0,0.8385416666666666,0.011933790872280834,0.6067708333333334,0.016263015620829165,1.2041429809828708,0.0009104149897136523,2.26749005630584,0.02710986050000793,3.5436974924445845,0.004451129615433727,0.16582547408303497,0.00658512240108269,6.578516145358056,1.3433006031655574,6.536731509792541,1.3379063470619958,1.0,0.0,0.0,0.0
raw_velocity,32,3,0.5494791666666666,0.016263015620829165,1.0,0.0,1.0,0.0,0.8411458333333334,0.016263015620829165,0.609375,0.013531646934131853,1.210990775770193,0.0008602159647159899,2.260638709479761,0.02725743200269811,3.548321413876837,0.00447345574688109,0.16727423102989925,0.006756242462212465,11.111598957844157,0.24946691117936742,11.079618229511349,0.24429326791031475,1.0,0.0,0.0,0.0
raw_velocity,64,3,0.5442708333333334,0.018042195912175808,1.0,0.0,1.0,0.0,0.8489583333333334,0.023867581744561665,0.5989583333333334,0.011933790872280834,1.2071929799119798,0.0008800261060299069,2.241239119783662,0.02656354147004771,3.5439157814870264,0.004402772259898519,0.16717391192714595,0.006639038611456777,22.17238489538431,0.5807738007966641,22.133711458688293,0.5812219556151161,1.0,0.0,0.0,0.0
