method,ode_steps,seed,num_trajectories,success_rate,ring_pass_rate,collision_free_rate,dynamic_feasibility_rate,endpoint_feasibility_rate,minimum_barrier,mean_minimum_barrier,mean_crossing_clearance,mean_maximum_speed,maximum_speed,mean_maximum_acceleration,maximum_acceleration,mean_path_length,mean_start_position_error,mean_goal_position_error,trajectory_rmse_to_expert,ode_ms_per_trajectory,end_to_end_ms_per_trajectory,mean_residual_scale,cbf_intervention_rate
raw_trajectory,1,401,128,0.0,0.109375,0.109375,0.0,0.0,-0.0369845413115029,-0.018665849179300614,0.3356905858777585,57.0849405716897,117.63645076304736,1586.2497923077435,4430.295998185505,125.3315244898241,1.089062218700836,1.0304164916543783,0.8941145154973961,0.48838125076144934,0.4908289065497229,1.0,0.0
raw_trajectory,1,402,128,0.0,0.0703125,0.0703125,0.0,0.0,-0.0364874089009106,-0.021115460179200154,0.32812444653925,52.76705200222327,125.4912105399648,1543.3730981994895,3470.9055762102053,126.53457841191312,0.9798539625896608,0.9427121211481528,0.8938037829984141,0.3711031258717412,0.37316953057597857,1.0,0.0
raw_trajectory,1,403,128,0.0,0.1015625,0.1015625,0.0,0.0,-0.037168731616996076,-0.02101215343880919,0.35108052405554785,53.021009687807805,114.74005266187879,1533.6627121880713,4814.720520733565,127.43819778382097,1.010732366970731,0.9620324427724718,0.9083687817719718,0.4473710941965692,0.45026953193882946,1.0,0.0
raw_trajectory,2,401,128,0.0,0.8828125,0.8828125,0.0,0.0,-0.026415336228600726,0.09013315013286305,0.35023996454862577,23.09739382192963,52.260371622044254,623.286291617715,2051.650857912178,49.603517046613945,0.6640183730070536,0.6811504645096328,0.7041938823941019,0.7307671876333188,0.7329421878239373,1.0,0.0
raw_trajectory,2,402,128,0.0,0.9453125,0.9453125,0.0,0.0,-0.033026099965940685,0.09728135221908366,0.33645406898094593,22.08873156227808,44.09791701092602,622.9813271134349,1517.3955463530597,49.5555218881434,0.59796144668118,0.6359486495861317,0.7060694235487214,0.6819874997745501,0.6848156244814163,1.0,0.0
raw_trajectory,2,403,128,0.0,0.90625,0.90625,0.0,0.0,-0.02866384403221126,0.09240612659483544,0.3577079836615346,21.05126421844583,43.10834930315953,606.418695700266,1593.5502493980625,49.74079889756055,0.6439403945379523,0.6352681827371269,0.7243242238716079,0.691317187374807,0.6934484390512807,1.0,0.0
raw_trajectory,4,401,128,0.0,1.0,1.0,0.0,0.0,0.02513615184481001,0.19860833514798137,0.3786274489086734,12.330290024242284,27.3044798564481,308.6729584299989,846.0338201040383,23.08820020681243,0.4990382645841848,0.5572908056829486,0.7045795559951599,1.542195312140393,1.5444101554749068,1.0,0.0
raw_trajectory,4,402,128,0.0,1.0,1.0,0.0,0.0,0.03418085130344387,0.2051162940861041,0.3900842155650124,11.81187160371933,25.139427293356288,283.1226557712061,687.0793895370338,22.71842275167377,0.4689314473448011,0.5214859660105875,0.7092446907600867,1.3328367185749812,1.3354687489481876,1.0,0.0
raw_trajectory,4,403,128,0.0,1.0,1.0,0.0,0.0,0.01637129069762379,0.20943456811056224,0.3886221032591245,10.617266745864978,21.848799424850757,271.0090841432539,708.6068702550475,22.55444447958606,0.49919684938352815,0.5309139853383467,0.729248466616138,1.3674265628651483,1.3701515636057593,1.0,0.0
raw_trajectory,8,401,128,0.0,1.0,1.0,0.0,0.0,0.048230348412288904,0.23957917305549725,0.3872736899135012,9.262362441236206,29.27534165908934,202.59473837002054,698.2659038404921,14.559560716104599,0.4642062401757052,0.5264321294329832,0.7126695796264421,2.80326249958307,2.805371876092977,1.0,0.0
raw_trajectory,8,402,128,0.0,1.0,1.0,0.0,0.0,0.041728315666764076,0.24409782386705595,0.39970792859755244,8.759368641099947,26.308497955295156,182.3435058313526,720.8956156073319,14.14945576017153,0.43989362164078194,0.49045430345766305,0.7183353153554936,2.9944960933789844,2.9963054694235325,1.0,0.0
raw_trajectory,8,403,128,0.0,1.0,1.0,0.0,0.0,0.039673156087877484,0.24923168214035482,0.40117296373298295,8.267784974864991,17.74314415243559,169.4284749614735,479.643402242535,13.899909853228676,0.46013799710557446,0.507089752103588,0.7391656690476094,2.7025296876672655,2.7045749993703794,1.0,0.0
raw_trajectory,16,401,128,0.0,1.0,1.0,0.0,0.0,0.057179496639425356,0.2471629700749881,0.38965107672752786,8.59066718171803,28.883148393587067,175.33294769046992,678.8311357131078,12.918190234973913,0.45776619887543524,0.5162159062798569,0.7171518784835446,7.191086719103623,7.19413359365717,1.0,0.0
raw_trajectory,16,402,128,0.0,1.0,1.0,0.0,0.0,0.04378063796838706,0.25247271917694397,0.4003513797453391,8.155125211858426,26.498496378803523,160.20797864538025,723.28814165959,12.589211019662184,0.4339926626826289,0.4805055026088473,0.7232072252651526,4.550214842311107,4.552386719296919,1.0,0.0
raw_trajectory,16,403,128,0.0,1.0,1.0,0.0,0.0,0.04849772278175145,0.25640555979241875,0.4017002598864219,7.854853685446191,17.701850900850165,149.04291780283114,480.454736958053,12.244061881534494,0.45066080706378575,0.49661441910681275,0.7442329070818969,5.828697656397708,5.830578907989548,1.0,0.0
raw_trajectory,32,401,128,0.0,1.0,1.0,0.0,0.0,0.05903889265806653,0.24872964018833055,0.3899598575821029,8.326758830000788,28.252816837770858,165.8286743271699,661.1198479887536,12.506668523687663,0.45644229098577865,0.5134586610243905,0.7186236932374254,11.326507812555064,11.329671095154481,1.0,0.0
raw_trajectory,32,402,128,0.0,1.0,1.0,0.0,0.0,0.048059637907361716,0.25425860340168066,0.4001817869836855,7.9629575386803335,26.201508784360385,153.3527015504384,713.4607512800841,12.187629589882999,0.43316818903159066,0.47697593759552104,0.7246804469819075,11.130234375741566,11.132893750982475,1.0,0.0
raw_trajectory,32,403,128,0.0,1.0,1.0,0.0,0.0,0.04802968198427125,0.2578421513564814,0.4020067309180564,7.67807904930589,17.494816869143918,141.97981428821834,471.2007438925941,11.820144819192567,0.4486897891292825,0.4933470955724166,0.7455428043040945,10.868544532058877,10.871073436646839,1.0,0.0
raw_trajectory,64,401,128,0.0,1.0,1.0,0.0,0.0,0.05595640863893343,0.24928951648235206,0.3899293827979088,8.178059645113942,27.833697797403048,161.80614775415435,651.1243145205772,12.312456183013705,0.4591797868133765,0.5152742494162731,0.7170309146615401,23.345732031884836,23.348204687863472,1.0,0.0
raw_trajectory,64,402,128,0.0,1.0,1.0,0.0,0.0,0.04863717598845897,0.25562315843923383,0.4013235557619984,7.818862914502869,26.164989370157006,149.2239662110217,713.4193448598774,11.9888686251224,0.43540592473820094,0.478640887023987,0.723027878621441,25.14312812490971,25.146612500975607,1.0,0.0
raw_trajectory,64,403,128,0.0,1.0,1.0,0.0,0.0,0.048389526970551516,0.25901279055598003,0.4029321120914012,7.5496012340641645,17.543952192907092,137.8998469463805,471.906058031853,11.616334742605336,0.4514065877205603,0.4950068868246467,0.7438576099867659,21.515739063033834,21.51831171977392,1.0,0.0
boundary_trajectory,1,401,128,0.0,0.859375,0.859375,0.0,1.0,-0.027612736985285102,0.08251973277676664,0.328344673967853,18.410136855569966,36.02384750967253,309.91988264570546,600.0784455421157,35.1514350434773,0.0,3.1006647487684202e-15,0.27667779711498613,0.3222289069526596,0.4433257818163838,1.0,0.0
boundary_trajectory,1,402,128,0.0,0.890625,0.890625,0.0,1.0,-0.03260854372105311,0.08752627735358279,0.3250888936671172,18.352537072475506,29.713289533575622,308.69087182474425,616.6918972725196,35.434094521797384,0.0,3.1006647487684202e-15,0.2752059850831511,0.3207921872672159,0.4691734375228407,1.0,0.0
boundary_trajectory,1,403,128,0.0,0.9140625,0.9140625,0.0,1.0,-0.03332591421017893,0.08190320661569164,0.31531743192630807,18.455615514824835,31.183859189434983,315.419799555631,617.9509709705644,35.12711883797223,0.0,3.1006647487684202e-15,0.2753625007042359,0.37070312464493327,0.5351304698706372,1.0,0.0
boundary_trajectory,2,401,128,0.0,1.0,1.0,0.0,1.0,0.036790692799798255,0.21617732697952508,0.3780333837277657,7.804076467807578,13.285060412381416,118.44568603171705,257.19015151766394,13.536017551149639,0.0,3.1006647487684202e-15,0.22676943840368755,0.7873492177168373,0.9319789078290341,1.0,0.0
boundary_trajectory,2,402,128,0.0,1.0,1.0,0.0,1.0,0.013562097959911527,0.23581213074825141,0.38217617299709294,7.684547875524247,13.695793686732063,115.99233681666826,254.01155335470514,13.5457314223786,0.0,3.1006647487684202e-15,0.2281835974847607,0.753610936953919,0.8843570303724846,1.0,0.0
boundary_trajectory,2,403,128,0.0,1.0,1.0,0.0,1.0,0.0070482733514550325,0.22551100112487993,0.382099180464781,7.657716274116536,12.88091466716704,119.83967161751994,292.73763063547284,13.596164568367904,0.0,3.1006647487684202e-15,0.22906474719350306,0.7523781241616234,0.9132531249633757,1.0,0.0
boundary_trajectory,4,401,128,0.0,1.0,1.0,0.0,1.0,0.029585813966182622,0.2520714296106847,0.3668807877785494,4.882038890369726,10.50734622842626,55.51273498603178,124.4052045568145,7.067069031934237,0.0,3.1006647487684202e-15,0.2438358854792372,1.2711898434645263,1.41464218722831,1.0,0.0
boundary_trajectory,4,402,128,0.0,1.0,1.0,0.0,1.0,0.06443767658267611,0.2705061196339548,0.3836310104708812,4.939672144286701,11.224790788441268,55.37221512571338,124.9286648897518,7.142454505225096,0.0,3.1006647487684202e-15,0.2466584026742751,1.6082562506198883,1.7522023445053492,1.0,0.0
boundary_trajectory,4,403,128,0.0,1.0,1.0,0.0,1.0,0.0025291670598733204,0.2630253883211642,0.3762941863548773,4.771996123878518,9.28801593381272,54.477859823236685,139.79454664775994,7.117903247444793,0.0,3.1006647487684202e-15,0.24569293524492397,1.2845796863985015,1.4499015633191448,1.0,0.0
boundary_trajectory,8,401,128,0.0,1.0,1.0,0.0,1.0,0.023583702908123692,0.2584129413505243,0.3638759856623312,4.316538954986436,11.044625012932084,34.313171975707576,126.5006223604565,5.147540226410361,0.0,3.1006647487684202e-15,0.2505859364883009,2.985026561873383,3.135725781248766,1.0,0.0
boundary_trajectory,8,402,128,0.0,1.0,1.0,0.0,1.0,0.05374771324057877,0.2778238417438338,0.3809582768316011,4.392200706466516,11.603597915876527,35.60568764740152,109.57118204801132,5.154157919292156,0.0,3.1006647487684202e-15,0.2534388541013884,3.1991210926207714,3.372234374182881,1.0,0.0
boundary_trajectory,8,403,128,0.0,0.9921875,0.9921875,0.0,1.0,-0.00456035571458642,0.2674618043938076,0.37233272699430753,4.240613704514473,9.870821290310344,32.923579433959695,147.70274099365065,5.153134290741672,0.0,3.1006647487684202e-15,0.25198594056486934,2.395703126239823,2.540465626225341,1.0,0.0
boundary_trajectory,16,401,128,0.0,1.0,1.0,0.0,1.0,0.021122561190391242,0.258270202849157,0.36006263166668895,4.237012152676154,11.27931491711053,30.278627280220384,128.603266608637,4.8149278349106925,0.0,3.1006647487684202e-15,0.2528786513387659,5.631674219330307,5.774908593593864,1.0,0.0
boundary_trajectory,16,402,128,0.0,1.0,1.0,0.0,1.0,0.046690457497186824,0.2770873900884713,0.37745522203628173,4.319006405892852,11.729167093415917,31.57951882992061,107.14387825418268,4.7982032697545325,0.0,3.1006647487684202e-15,0.2555699339635077,6.407602344552288,6.5586000000621425,1.0,0.0
boundary_trajectory,16,403,128,0.0,0.9921875,0.9921875,0.0,1.0,-0.007189081670048544,0.26555986009974464,0.36898244614360115,4.157483957995812,10.067751658334547,28.832214819823037,152.20166398439204,4.798354449478749,0.0,3.1006647487684202e-15,0.25368605048020215,5.810467968331068,5.946300781943137,1.0,0.0
boundary_trajectory,32,401,128,0.0,1.0,1.0,0.0,1.0,0.02163653655183309,0.25989723496718253,0.3608906581727547,4.148906893810505,11.03293095552382,28.305764730960682,123.11944476934757,4.6975360994807955,0.0,3.1006647487684202e-15,0.2524816946483123,11.373855468264082,11.543244530912489,1.0,0.0
boundary_trajectory,32,402,128,0.0,1.0,1.0,0.0,1.0,0.04608332695755028,0.2788170125548812,0.37810078483491355,4.226866530055739,11.399469379603406,29.511277220141572,101.44276854192901,4.677884754710046,0.0,3.1006647487684202e-15,0.2550769015333062,11.407141406380106,11.567150000701076,1.0,0.0
boundary_trajectory,32,403,128,0.0,0.9921875,0.9921875,0.0,1.0,-0.006690660336015064,0.2673347180075524,0.3700291229179614,4.072494002534616,9.962619297146063,26.92729143248429,147.69556545694482,4.680104193038474,0.0,3.1006647487684202e-15,0.25333058821316223,11.653292187475017,11.785620312366518,1.0,0.0
boundary_trajectory,64,401,128,0.0,1.0,1.0,0.0,1.0,0.022225341824733125,0.2615528157826088,0.3619960877067449,4.069204437560317,10.834205490709488,27.21619484528066,120.58496537874956,4.631283136965612,0.0,3.1006647487684202e-15,0.250178622284258,22.649078906397335,22.809164844147745,1.0,0.0
boundary_trajectory,64,402,128,0.0,1.0,1.0,0.0,1.0,0.04719623395039188,0.28058778822227404,0.3797315858066974,4.1476015775993975,11.246681299400024,28.379612466456564,99.09613459602714,4.609271553874608,0.0,3.1006647487684202e-15,0.25291428617559814,22.19237656208861,22.333696873829467,1.0,0.0
boundary_trajectory,64,403,128,0.0,0.9921875,0.9921875,0.0,1.0,-0.0065450588885846706,0.2691105593613624,0.37127613197032977,3.9922581340190035,9.840748945541597,25.81247412489737,143.76221783131706,4.613141905495198,0.0,3.1006647487684202e-15,0.2511964260508184,21.475128905876772,21.625142187986057,1.0,0.0
raw_velocity,1,401,128,0.0,1.0,1.0,0.0,0.0078125,0.051583626304319105,0.26492160330968195,0.36079601864967903,1.3069341286441472,1.7102234729899932,8.368698676533722,13.857475986133581,3.5399309159918726,0.0,0.2782149673088501,0.16303153663105377,0.43131562415510416,0.46682812535436824,1.0,0.0
raw_velocity,1,402,128,0.0,1.0,1.0,0.0,0.0078125,0.07834813155308912,0.26525220262238836,0.3602563435747986,1.304427744228855,1.7422888998318569,8.730468398171649,16.902463729154572,3.548194448027357,0.0,0.2772932212651764,0.15750307344124997,0.35833046786137857,0.3948601570300525,1.0,0.0
raw_velocity,1,403,128,0.0,1.0,1.0,0.0,0.0,0.04957241458783408,0.27483752990796045,0.3696525077220323,1.3086495086323362,1.735817776509175,8.354629817798997,15.09608226462042,3.545011992584352,0.0,0.271388680104894,0.15970616628490333,0.4203000007692026,0.46607187505287584,1.0,0.0
raw_velocity,2,401,128,0.125,1.0,1.0,0.1953125,0.4609375,0.08286236878239671,0.2825525322137502,0.375628750262329,1.2002253060489607,1.6144338419400042,3.7191202824233827,6.38679198374525,3.535106046235982,0.0,0.15320352519094907,0.15167925207160518,1.0594124996714527,1.1024976574844914,1.0,0.0
raw_velocity,2,402,128,0.0859375,1.0,1.0,0.2109375,0.4140625,0.0902657795400903,0.2826933950539912,0.37566691948925635,1.206709019094351,1.6211796440018293,3.8311321034191144,7.105164960140796,3.5422862075516885,0.0,0.14902651703929942,0.14508131492829845,0.7819703132554423,0.8163179682014743,1.0,0.0
raw_velocity,2,403,128,0.09375,1.0,1.0,0.2109375,0.3828125,0.07287784204240434,0.2901335356191098,0.3824777140770303,1.1988152201076328,1.6656770680768749,3.7398311638935513,5.627551700650849,3.5454919534840093,0.0,0.1526717262348513,0.15434788565294888,0.8060960935836192,0.8547953129891539,1.0,0.0
raw_velocity,4,401,128,0.5078125,1.0,1.0,0.734375,0.6328125,0.08750278389564523,0.2832085662542563,0.37589063580629584,1.1999249417448004,1.6092325654834754,2.524915113515098,4.176395831622057,3.53437851140547,0.0,0.1414935321465183,0.16192623261533368,1.2931773435411742,1.338432812190149,1.0,0.0
raw_velocity,4,402,128,0.546875,1.0,1.0,0.765625,0.6328125,0.08678099873231077,0.2825402212831976,0.3754563580910118,1.2040066586661524,1.643468484183174,2.5565439343003673,6.657708894510551,3.5394928257003353,0.0,0.1374387635573441,0.15475680799044125,1.516723437816836,1.5499890632781899,1.0,0.0
raw_velocity,4,403,128,0.46875,1.0,1.0,0.734375,0.609375,0.07621401036002874,0.28993965052976356,0.38191792494268906,1.200514132848662,1.6491886040901216,2.5539588444148054,4.254378332669725,3.544269013004479,0.0,0.14176673301421183,0.16651320525387867,1.4137648431642447,1.4503773436445044,1.0,0.0
raw_velocity,8,401,128,0.5546875,1.0,1.0,0.8359375,0.5859375,0.08952277160849674,0.2820841531641114,0.3747867061605679,1.1976068337761365,1.6161566395672187,2.3167154319958874,3.92636634504622,3.530805011611415,0.0,0.14379807404436046,0.16548353500849816,2.7359539053577464,2.772771875243052,1.0,0.0
raw_velocity,8,402,128,0.5546875,1.0,1.0,0.859375,0.6015625,0.08481266817504053,0.28096031690423706,0.37389045315571623,1.2000317956219906,1.6421056451217033,2.2776210618106134,6.374338311838487,3.534631541699557,0.0,0.1403322093177228,0.15807756168848058,2.7116601559100673,2.751986718067201,1.0,0.0
raw_velocity,8,403,128,0.4921875,1.0,1.0,0.8359375,0.5859375,0.07549010098588821,0.28899831364336304,0.3808618754091536,1.198547161787849,1.656044415122946,2.2933965069941125,4.216260088558855,3.5397490866432513,0.0,0.14437462205946272,0.1706452814133647,2.725907812418882,2.764020311587956,1.0,0.0
raw_velocity,16,401,128,0.5546875,1.0,1.0,0.8359375,0.59375,0.09011329763972117,0.2817712901259162,0.37445053739556294,1.2033993338739193,1.6281691863917922,2.2963936745650217,4.001179083592058,3.539571982436476,0.0,0.14042682304986437,0.1665966836844394,8.079748437012313,8.127770312057692,1.0,0.0
raw_velocity,16,402,128,0.5546875,1.0,1.0,0.8515625,0.6015625,0.08491768932235906,0.28033735930782266,0.3732950213107889,1.2051583083730044,1.6548101709733665,2.242627667222399,6.390903668158352,3.543105500712482,0.0,0.13672003791291076,0.1588887042065415,5.83093046770955,5.869578906640527,1.0,0.0
raw_velocity,16,403,128,0.53125,1.0,1.0,0.828125,0.625,0.07364602307874495,0.28876830909822204,0.3805506525225271,1.2038713007016888,1.6681129679185094,2.263448827130099,4.2649853459803655,3.5484149941847964,0.0,0.1412307761002966,0.17199103435812405,5.69951562465576,5.73819921737595,1.0,0.0
raw_velocity,32,401,128,0.5546875,1.0,1.0,0.8359375,0.6015625,0.09004697244011613,0.28108844654058823,0.3737757696074614,1.210360240030731,1.640115360480211,2.2889872572573173,3.997147975750645,3.54408862974082,0.0,0.1387862624376653,0.16796390317971435,11.361220313119702,11.399154687751434,1.0,0.0
raw_velocity,32,402,128,0.5625,1.0,1.0,0.859375,0.6015625,0.08416142224589011,0.2797581547724986,0.37271980693606843,1.2119707165044957,1.6659506541487101,2.2346222449760917,6.27009741695969,3.54787373493126,0.0,0.134819119987774,0.16019960473147582,10.924520312983077,10.953072654956486,1.0,0.0
raw_velocity,32,403,128,0.53125,1.0,1.0,0.828125,0.625,0.07168641078885998,0.2880994372964577,0.37988680296699745,1.210641370775352,1.6787365129365361,2.2583066262058735,4.270554638913615,3.553001876958432,0.0,0.13951696862992677,0.17365918517850756,10.953114062431268,10.982569530824549,1.0,0.0
raw_velocity,64,401,128,0.5546875,1.0,1.0,0.84375,0.6015625,0.08981976229682173,0.28101694650072506,0.37371837250757867,1.2065490329696629,1.6357692576633072,2.2690306903645294,3.976604072348398,3.5398049543202466,0.0,0.14068796262063804,0.16788253882422813,22.78303749881161,22.82161953007744,1.0,0.0
raw_velocity,64,402,128,0.5546875,1.0,1.0,0.875,0.5859375,0.08325191914562703,0.2797455106233595,0.372702135727311,1.2081957214779435,1.6571913935564504,2.216103085878654,6.178886139439728,3.543380784180966,0.0,0.13707176689593942,0.16020898431462866,21.956020313155022,21.99326328081952,1.0,0.0
raw_velocity,64,403,128,0.5234375,1.0,1.0,0.828125,0.609375,0.07261430798369334,0.28802429521882394,0.3798338521605106,1.2068341852883333,1.6740415477951252,2.2385835831078023,4.210645873584123,3.548561605959866,0.0,0.14139265087338676,0.17343021264258104,21.662076564098243,21.702271875255974,1.0,0.0
projected_velocity,1,401,128,0.0,1.0,1.0,0.0,0.515625,0.1298714171495732,0.29136831606145996,0.3866969166810491,1.346623368972611,1.8253259406237383,8.63120086985771,16.053906965548066,3.7122449908648187,0.0,1.2498884039240901e-15,0.11014865293762557,0.3453695298958337,0.45035468610876705,1.0,0.0
projected_velocity,1,402,128,0.0,1.0,1.0,0.0,0.46875,0.11720745144188391,0.29607076689281114,0.3909192573759057,1.343276303194454,1.8359571677741848,9.32423810295864,16.607651683631868,3.714552710350429,0.0,1.1789499939151214e-15,0.11015047656769471,0.3422804693400394,0.46617812404292636,1.0,0.0
projected_velocity,1,403,128,0.0,1.0,1.0,0.0,0.4609375,0.14915925790313023,0.3019488725115589,0.39663566395141,1.3466937438949422,1.822115846714631,8.99453866190101,18.826720298489477,3.7115175569468315,0.0,1.1674884706502397e-15,0.11124668009132042,0.4426632822287502,0.5529351565201068,1.0,0.0
projected_velocity,2,401,128,0.15625,1.0,1.0,0.15625,1.0,0.11884291314058597,0.28614582427166857,0.3795010424746791,1.223848301239289,1.6716232967760034,4.02758371925018,9.9839199552648,3.640022108894027,0.0,1.1913312629882617e-15,0.130649392806628,0.661261719869799,0.7772453136567492,1.0,0.0
projected_velocity,2,402,128,0.1171875,1.0,1.0,0.1171875,1.0,0.10506174791922215,0.2893437313334603,0.38228416638919227,1.2291611438671304,1.6603239864162793,4.162964259452886,6.996016544951747,3.641379070205262,0.0,1.1150765608819043e-15,0.1297572538627013,0.73071640690614,0.8353648445336148,1.0,0.0
projected_velocity,2,403,128,0.1328125,1.0,1.0,0.1328125,0.9921875,0.12820612185214542,0.29640026482876664,0.3886785869773254,1.2203162293521412,1.687064904691214,4.225652732221393,9.803978320910996,3.641578993325324,0.0,1.0536167481637114e-15,0.13528433676567073,0.7947195317683509,0.9037289073603461,1.0,0.0
projected_velocity,4,401,128,0.578125,1.0,1.0,0.578125,1.0,0.11456398138792635,0.2843473145523343,0.37742763451284356,1.2213996801838647,1.6776404956866668,2.941948749681189,10.036061173977672,3.631215708161042,0.0,1.1898840759852028e-15,0.144521513900539,1.4115828125795815,1.5068304692249512,1.0,0.0
projected_velocity,4,402,128,0.640625,1.0,1.0,0.640625,1.0,0.10227349280703416,0.2864375567531153,0.37912781487739045,1.2246644399531157,1.6374730020711086,2.941625998892307,5.735652100438212,3.632259326203867,0.0,1.1312669455579344e-15,0.14342352982147383,1.8994882811966818,1.9961187499575317,1.0,0.0
projected_velocity,4,403,128,0.5546875,1.0,1.0,0.5546875,1.0,0.12306978349670801,0.294503626998998,0.3864271963187631,1.2196012609725273,1.6740166107065666,3.0731468200043937,8.369575073488749,3.631972772259684,0.0,1.0287134703485604e-15,0.1505580126371408,1.540775781904813,1.6434671870229067,1.0,0.0
projected_velocity,8,401,128,0.6875,1.0,1.0,0.6875,1.0,0.11191966835092972,0.28341732005625386,0.37651036532893956,1.2193271931105085,1.6888019344156877,2.693755808351854,10.029104686632618,3.6297005341279243,0.0,1.1215576996552209e-15,0.1483260415400497,2.9528937502618646,3.059470313019119,1.0,0.0
projected_velocity,8,402,128,0.7578125,1.0,1.0,0.7578125,1.0,0.10227470734684982,0.2852289931325731,0.3779132606901933,1.221183544581423,1.6352549439956745,2.64022704022877,6.303555264878733,3.630627092015886,0.0,1.0838420626395595e-15,0.14699247266023702,2.627453124659951,2.747939843175118,1.0,0.0
projected_velocity,8,403,128,0.6796875,1.0,1.0,0.6796875,1.0,0.11827756494002017,0.2935477360767172,0.38542451490263885,1.2180076453901134,1.67420012491186,2.7783076555117994,8.185231873237758,3.6303608781281778,0.0,1.1422277032395185e-15,0.15474789179742912,2.9115492179698776,3.0241789063438773,1.0,0.0
projected_velocity,16,401,128,0.703125,1.0,1.0,0.703125,1.0,0.11191293715591998,0.2834155819820174,0.37652801491825094,1.2233247212354512,1.6990197009550791,2.649931753594467,10.102489038746036,3.629755666980242,0.0,1.1142928595800888e-15,0.15011742954413715,6.673896874417551,6.796528125050827,1.0,0.0
projected_velocity,16,402,128,0.7734375,1.0,1.0,0.7734375,1.0,0.10272413525206459,0.28509531085101725,0.3777913539160965,1.2245870623020407,1.647113131364607,2.5794757114622353,6.610678697448081,3.6305920178569613,0.0,1.1077427623493966e-15,0.1486600244580989,6.552539844051353,6.662477344434592,1.0,0.0
projected_velocity,16,403,128,0.6796875,1.0,1.0,0.6796875,1.0,0.11746003032893482,0.29348036086992685,0.38533060389165447,1.2215530388965883,1.6810420940799884,2.7162938165448076,8.218113861379937,3.630355059841188,0.0,1.1639372377390144e-15,0.15669323464647236,5.369375781810959,5.481396092363866,1.0,0.0
projected_velocity,32,401,128,0.71875,1.0,1.0,0.71875,1.0,0.1108076387983326,0.2829983544287433,0.37614526775281165,1.2294014307240384,1.7085987683397903,2.634403815647328,10.086044447963108,3.6302523328718843,0.0,1.294705566195389e-15,0.1519759055185966,11.017765626093023,11.136719531350536,1.0,0.0
projected_velocity,32,402,128,0.78125,1.0,1.0,0.78125,1.0,0.10218295546696826,0.28459793544275,0.37731660092648855,1.230470393305036,1.655417283897868,2.5611520307591857,6.713791533439392,3.631099156770232,0.0,1.1662356192968967e-15,0.15044422062107435,11.274239845079137,11.377912500392995,1.0,0.0
projected_velocity,32,403,128,0.6796875,1.0,1.0,0.6796875,1.0,0.1168236671517702,0.2930721200306747,0.384948666657824,1.2273914028178678,1.6920654838741767,2.696991988127172,8.2357815662381,3.630828883882475,0.0,1.1362857263957544e-15,0.15870164595420014,11.032157031877432,11.134139062050963,1.0,0.0
projected_velocity,64,401,128,0.7265625,1.0,1.0,0.7265625,1.0,0.11065887187365615,0.28282159262041295,0.3759862175665798,1.2264426707829421,1.7048773871098382,2.615190738027024,9.983280052014093,3.6301993102577836,0.0,1.1085014261704902e-15,0.15156189696282907,23.01556874954258,23.121678905226872,1.0,0.0
projected_velocity,64,402,128,0.7890625,1.0,1.0,0.7890625,1.0,0.10174894334419635,0.2844804752013107,0.3771793274734,1.2275918407367408,1.6474702116405986,2.5443283245683164,6.673793643290792,3.631052391627258,0.0,1.2353659689499983e-15,0.15000192731402998,23.68212656256219,23.78057109308429,1.0,0.0
projected_velocity,64,403,128,0.671875,1.0,1.0,0.671875,1.0,0.11659750312669567,0.29308856570412745,0.38495595735435023,1.2244769312687194,1.6873683593279956,2.6761525298435678,8.193401411969441,3.630784172654755,0.0,1.1900443958628264e-15,0.1581959809633178,22.132220312414574,22.231653907510918,1.0,0.0
proposed_trajectory,1,401,128,1.0,1.0,1.0,1.0,1.0,0.14425948838623487,0.313461122492746,0.4035578253678161,1.524833479264422,1.9997549276079267,2.988855914901675,2.9999967446172633,3.6196284072432285,0.0,3.1006647487684202e-15,0.1582438833537459,1.982429686904652,42.78466406140069,0.017723560333251953,0.0005299937185929648
proposed_trajectory,1,402,128,1.0,1.0,1.0,1.0,1.0,0.14114619327453456,0.313161625598688,0.4032278350007613,1.5216128115320657,1.989874532392324,2.9845403205388754,2.999990687743697,3.619858955512898,0.0,3.1006647487684202e-15,0.15824047848852774,2.035310155406478,43.04287578088406,0.02509474754333496,0.00047110552763819093
proposed_trajectory,1,403,128,1.0,1.0,1.0,1.0,1.0,0.1447444533522205,0.31379888719034726,0.4037695021054462,1.5194761103898111,1.9685926126374234,2.9954552800644585,2.999967119015178,3.6200513140778217,0.0,3.1006647487684202e-15,0.15814139437470195,2.0858835941908183,43.22191015671706,0.010371208190917969,0.00045147613065326633
proposed_trajectory,2,401,128,1.0,1.0,1.0,1.0,1.0,0.14640392326905025,0.3146963143841535,0.40459252417002245,1.5258934952439027,1.9998875218292784,2.994690350361579,2.999985721579979,3.619591403442178,0.0,3.1006647487684202e-15,0.15842065786578888,3.84756171843037,44.261514844038174,0.031025409698486328,0.00036314384422110553
proposed_trajectory,2,402,128,1.0,1.0,1.0,1.0,1.0,0.14197852232136102,0.3144525005956776,0.4043980848405082,1.5187865083406489,1.999992949869712,2.99346167463507,2.9999727451233427,3.6196371771311853,0.0,3.1006647487684202e-15,0.1582214464715118,3.8228109369811136,44.172372656248626,0.03660416603088379,0.00034351444723618093
proposed_trajectory,2,403,128,1.0,1.0,1.0,1.0,1.0,0.14711016157725074,0.3152632098678284,0.4050276564551629,1.5169123728414162,1.9723338658240257,2.9982581184650536,2.9999582388526123,3.619820461939148,0.0,3.1006647487684202e-15,0.1581661822228882,5.546557031266275,46.427150000454276,0.028209447860717773,0.00024536746231155777
proposed_trajectory,4,401,128,1.0,1.0,1.0,1.0,1.0,0.15183686937979615,0.31679871222078204,0.4064900358150567,1.5389739699465919,1.9999593528333237,2.9918530440560094,2.9999834252596256,3.619412083831918,0.0,3.1006647487684202e-15,0.1587739900430502,8.960086719525862,50.1990093744098,0.05774188041687012,0.0005594378140703518
proposed_trajectory,4,402,128,1.0,1.0,1.0,1.0,1.0,0.14368429160684798,0.3171608763832464,0.40665927318467043,1.5348786318958934,1.9999958796151989,2.9731924270445544,2.999996738436641,3.619317106631782,0.0,3.1006647487684202e-15,0.15813938022912996,8.44750312535325,49.62981093740382,0.064544677734375,0.0006330480527638191
proposed_trajectory,4,403,128,1.0,1.0,1.0,1.0,1.0,0.153373246860529,0.31810622351048623,0.40755565716063846,1.534863273547208,1.9802101548336724,2.9992126830327477,2.999987794398272,3.619661024051436,0.0,3.1006647487684202e-15,0.15818496761574632,9.616171875677537,53.65822422027122,0.05893993377685547,0.00036314384422110553
proposed_trajectory,8,401,128,1.0,1.0,1.0,1.0,1.0,0.15299323840738568,0.3186289331017653,0.4080239835376688,1.5846860262167304,1.9999726377861338,2.9702031888195943,2.999997602091037,3.6188527674081055,0.0,3.1006647487684202e-15,0.15940553615972075,18.42153671896085,60.66021953120071,0.10020589828491211,0.0006624921482412061
proposed_trajectory,8,402,128,1.0,1.0,1.0,1.0,1.0,0.1445213094428746,0.3199097223903795,0.4087509493648985,1.5813408568140095,1.9999912383743583,2.952715990091547,2.999997873473069,3.619066123063453,0.0,3.1006647487684202e-15,0.1581481857030922,21.00705390694202,74.21630937460577,0.11429238319396973,0.0007213803391959799
proposed_trajectory,8,403,128,1.0,1.0,1.0,1.0,1.0,0.15836409682756647,0.320388059881346,0.40958474104213183,1.5814011373332306,1.9998984185143838,2.9967970444008314,2.9999901732020176,3.6191784430838325,0.0,3.1006647487684202e-15,0.1584763590085345,16.519014063305804,55.20428906129382,0.0997154712677002,0.00043430040829145727
proposed_trajectory,16,401,128,1.0,1.0,1.0,1.0,1.0,0.1542326422266366,0.318948589030389,0.40829469902687615,1.608102387083457,1.9999945609831553,2.961388447814217,2.999997645193685,3.618402431223509,0.0,3.1006647487684202e-15,0.1600660311999866,33.59172265663801,71.48221718671266,0.12109208106994629,0.0006992972675879397
proposed_trajectory,16,402,128,1.0,1.0,1.0,1.0,1.0,0.13933343877114285,0.3213501045714283,0.4097613576123136,1.608287728604088,1.999986691073584,2.9446174611194778,2.999992261086454,3.6187281019793573,0.0,3.1006647487684202e-15,0.15841506970170963,34.5938007812947,71.77196406337316,0.1398482322692871,0.0007606391331658292
proposed_trajectory,16,403,128,1.0,1.0,1.0,1.0,1.0,0.16022842108029728,0.32179536416421983,0.4106969952877959,1.604836428262525,1.99999446939951,2.984392461676329,2.9999939917624845,3.6186916541333956,0.0,3.1006647487684202e-15,0.1592830739390069,36.515977342787664,78.04465546723804,0.12138509750366211,0.00042448570979899497
proposed_trajectory,32,401,128,1.0,1.0,1.0,1.0,1.0,0.1538187023415312,0.319073208071857,0.40836867173558344,1.6182070501050758,1.9999788173794086,2.9553512489035523,2.999994960614303,3.6183729521886474,0.0,3.1006647487684202e-15,0.16039563955046338,64.60394765599631,101.90184140628844,0.13309335708618164,0.0006950033369974875
proposed_trajectory,32,402,128,1.0,1.0,1.0,1.0,1.0,0.1420189908014537,0.3217256868689768,0.4101043251588127,1.6185655019077463,1.9999984480765782,2.9351360932820016,2.999999798420157,3.6187613765206637,0.0,3.1006647487684202e-15,0.15866370738612384,60.86321953262086,97.54970234280336,0.15388870239257812,0.000755731783919598
proposed_trajectory,32,403,128,1.0,1.0,1.0,1.0,1.0,0.16164168526579456,0.32226081217861446,0.41107121619897985,1.6164226279318574,1.9999649520157967,2.9797717373184387,2.999994377804149,3.6186978640102136,0.0,3.1006647487684202e-15,0.1598244095456875,60.86968984345731,97.46251562501129,0.13437342643737793,0.00042571254711055274
proposed_trajectory,64,401,128,1.0,1.0,1.0,1.0,1.0,0.15223567899217585,0.3191324087705324,0.4084186392479295,1.6213592909805938,1.9999886875239619,2.9526377160020862,2.9999996169727092,3.6184077480928467,0.0,3.1006647487684202e-15,0.16051802646243024,124.1851687500457,159.91766406295937,0.1395399570465088,0.0006802812892587939
proposed_trajectory,64,402,128,1.0,1.0,1.0,1.0,1.0,0.14484416530492106,0.3219152898091762,0.41031588821719966,1.6224239460484529,1.9999974454239589,2.9295051066368147,2.999997290421617,3.6188144429751166,0.0,3.1006647487684202e-15,0.15878658619545474,124.63103828122257,159.96585156244691,0.16133809089660645,0.0007293547817211055
proposed_trajectory,64,403,128,1.0,1.0,1.0,1.0,1.0,0.16198780918909725,0.3223077099403796,0.41112485925254016,1.6203296908062552,1.9999963565227528,2.978677239572912,2.9999964394625906,3.6187298010401285,0.0,3.1006647487684202e-15,0.1599537666962599,125.42015312465082,163.6137515615701,0.14130043983459473,0.00041436430197864323
