method,query_index,latency_ms,success,collision_free,dynamic_feasible
quintic_skeleton,0,0.1761,1,1,1
quintic_skeleton,1,0.1923,1,1,1
quintic_skeleton,2,0.1874,1,1,1
quintic_skeleton,3,0.1895,1,1,1
quintic_skeleton,4,0.1903,1,1,1
quintic_skeleton,5,0.1857,1,1,1
quintic_skeleton,6,0.1885,1,1,1
quintic_skeleton,7,0.1901,1,1,1
quintic_skeleton,8,0.1876,1,1,1
quintic_skeleton,9,0.1868,1,1,1
quintic_skeleton,10,0.194,1,1,1
quintic_skeleton,11,0.1843,1,1,1
quintic_skeleton,12,0.1867,1,1,1
quintic_skeleton,13,0.1851,1,1,1
quintic_skeleton,14,0.3179,1,1,1
quintic_skeleton,15,0.259,1,1,1
quintic_skeleton,16,0.2554,1,1,1
quintic_skeleton,17,0.2541,1,1,1
quintic_skeleton,18,0.2518,1,1,1
quintic_skeleton,19,0.2501,1,1,1
quintic_skeleton,20,0.2534,1,1,1
quintic_skeleton,21,0.2515,1,1,1
quintic_skeleton,22,0.2547,1,1,1
quintic_skeleton,23,0.2289,1,1,1
quintic_skeleton,24,0.1912,1,1,1
quintic_skeleton,25,0.2185,1,1,1
quintic_skeleton,26,0.1907,1,1,1
quintic_skeleton,27,0.2016,1,1,1
quintic_skeleton,28,0.188,1,1,1
quintic_skeleton,29,0.1871,1,1,1
quintic_skeleton,30,0.193,1,1,1
quintic_skeleton,31,0.1863,1,1,1
quintic_skeleton,32,0.1862,1,1,1
quintic_skeleton,33,0.1872,1,1,1
quintic_skeleton,34,0.1918,1,1,1
quintic_skeleton,35,0.1848,1,1,1
quintic_skeleton,36,0.1865,1,1,1
quintic_skeleton,37,0.1956,1,1,1
quintic_skeleton,38,0.1851,1,1,1
quintic_skeleton,39,0.1853,1,1,1
quintic_skeleton,40,0.1903,1,1,1
quintic_skeleton,41,0.1868,1,1,1
quintic_skeleton,42,0.1861,1,1,1
quintic_skeleton,43,0.1853,1,1,1
quintic_skeleton,44,0.2546,1,1,1
quintic_skeleton,45,0.21,1,1,1
quintic_skeleton,46,0.2199,1,1,1
quintic_skeleton,47,0.2727,1,1,1
quintic_skeleton,48,0.26,1,1,1
quintic_skeleton,49,0.2567,1,1,1
quintic_skeleton,50,0.2731,1,1,1
quintic_skeleton,51,0.2957,1,1,1
quintic_skeleton,52,0.3534,1,1,1
quintic_skeleton,53,0.4303,1,1,1
quintic_skeleton,54,0.2213,1,1,1
quintic_skeleton,55,0.1986,1,1,1
quintic_skeleton,56,0.1998,1,1,1
quintic_skeleton,57,0.2718,1,1,1
quintic_skeleton,58,0.2614,1,1,1
quintic_skeleton,59,0.2153,1,1,1
quintic_skeleton,60,0.2134,1,1,1
quintic_skeleton,61,0.2356,1,1,1
quintic_skeleton,62,0.2397,1,1,1
quintic_skeleton,63,0.2244,1,1,1
quintic_skeleton,64,0.2015,1,1,1
quintic_skeleton,65,0.2229,1,1,1
quintic_skeleton,66,0.2182,1,1,1
quintic_skeleton,67,0.207,1,1,1
quintic_skeleton,68,0.2699,1,1,1
quintic_skeleton,69,0.2434,1,1,1
quintic_skeleton,70,0.2354,1,1,1
quintic_skeleton,71,0.2267,1,1,1
quintic_skeleton,72,0.2421,1,1,1
quintic_skeleton,73,0.2502,1,1,1
quintic_skeleton,74,0.246,1,1,1
quintic_skeleton,75,0.2279,1,1,1
quintic_skeleton,76,0.328,1,1,1
quintic_skeleton,77,0.2342,1,1,1
quintic_skeleton,78,0.2389,1,1,1
quintic_skeleton,79,0.3481,1,1,1
quintic_skeleton,80,0.3639,1,1,1
quintic_skeleton,81,0.2361,1,1,1
quintic_skeleton,82,0.2152,1,1,1
quintic_skeleton,83,0.2924,1,1,1
quintic_skeleton,84,0.2291,1,1,1
quintic_skeleton,85,0.2231,1,1,1
quintic_skeleton,86,0.2146,1,1,1
quintic_skeleton,87,0.2188,1,1,1
quintic_skeleton,88,0.2601,1,1,1
quintic_skeleton,89,0.2362,1,1,1
quintic_skeleton,90,0.2599,1,1,1
quintic_skeleton,91,0.2177,1,1,1
quintic_skeleton,92,0.2807,1,1,1
quintic_skeleton,93,0.2105,1,1,1
quintic_skeleton,94,0.1893,1,1,1
quintic_skeleton,95,0.1876,1,1,1
quintic_skeleton,96,0.1866,1,1,1
quintic_skeleton,97,0.1856,1,1,1
quintic_skeleton,98,0.1865,1,1,1
quintic_skeleton,99,0.1857,1,1,1
quintic_skeleton,100,0.2005,1,1,1
quintic_skeleton,101,0.2012,1,1,1
quintic_skeleton,102,0.2277,1,1,1
quintic_skeleton,103,0.2214,1,1,1
quintic_skeleton,104,0.1982,1,1,1
quintic_skeleton,105,0.2066,1,1,1
quintic_skeleton,106,0.2014,1,1,1
quintic_skeleton,107,0.207,1,1,1
quintic_skeleton,108,0.1974,1,1,1
quintic_skeleton,109,0.1946,1,1,1
quintic_skeleton,110,0.213,1,1,1
quintic_skeleton,111,0.1933,1,1,1
quintic_skeleton,112,0.1888,1,1,1
quintic_skeleton,113,0.2023,1,1,1
quintic_skeleton,114,0.1999,1,1,1
quintic_skeleton,115,0.2198,1,1,1
quintic_skeleton,116,0.2071,1,1,1
quintic_skeleton,117,0.1896,1,1,1
quintic_skeleton,118,0.2045,1,1,1
quintic_skeleton,119,0.1986,1,1,1
quintic_skeleton,120,0.1933,1,1,1
quintic_skeleton,121,0.2084,1,1,1
quintic_skeleton,122,0.3289,1,1,1
quintic_skeleton,123,0.3447,1,1,1
quintic_skeleton,124,0.3461,1,1,1
quintic_skeleton,125,0.3333,1,1,1
quintic_skeleton,126,0.3644,1,1,1
quintic_skeleton,127,0.3889,1,1,1
projected_velocity_cfm,0,26.0943,0,1,0
projected_velocity_cfm,1,30.5089,1,1,1
projected_velocity_cfm,2,24.7895,1,1,1
projected_velocity_cfm,3,25.2754,1,1,1
projected_velocity_cfm,4,25.6341,1,1,1
projected_velocity_cfm,5,27.1628,1,1,1
projected_velocity_cfm,6,22.5064,1,1,1
projected_velocity_cfm,7,23.3641,1,1,1
projected_velocity_cfm,8,22.7996,1,1,1
projected_velocity_cfm,9,27.1011,0,1,0
projected_velocity_cfm,10,27.3734,1,1,1
projected_velocity_cfm,11,19.8288,1,1,1
projected_velocity_cfm,12,20.9169,1,1,1
projected_velocity_cfm,13,23.0021,1,1,1
projected_velocity_cfm,14,20.3742,0,1,0
projected_velocity_cfm,15,21.5892,0,1,0
projected_velocity_cfm,16,20.8235,1,1,1
projected_velocity_cfm,17,20.0371,0,1,0
projected_velocity_cfm,18,25.3556,0,1,0
projected_velocity_cfm,19,24.3755,1,1,1
projected_velocity_cfm,20,19.9881,1,1,1
projected_velocity_cfm,21,24.6601,1,1,1
projected_velocity_cfm,22,25.1727,1,1,1
projected_velocity_cfm,23,27.9303,0,1,0
projected_velocity_cfm,24,24.3525,1,1,1
projected_velocity_cfm,25,21.803,1,1,1
projected_velocity_cfm,26,26.3875,0,1,0
projected_velocity_cfm,27,19.5654,1,1,1
projected_velocity_cfm,28,22.2635,1,1,1
projected_velocity_cfm,29,19.896,1,1,1
projected_velocity_cfm,30,19.341,1,1,1
projected_velocity_cfm,31,21.1727,1,1,1
projected_velocity_cfm,32,24.2535,1,1,1
projected_velocity_cfm,33,23.0478,1,1,1
projected_velocity_cfm,34,21.4106,1,1,1
projected_velocity_cfm,35,20.9744,0,1,0
projected_velocity_cfm,36,23.2085,1,1,1
projected_velocity_cfm,37,19.9886,0,1,0
projected_velocity_cfm,38,20.7535,1,1,1
projected_velocity_cfm,39,20.9995,0,1,0
projected_velocity_cfm,40,21.7163,1,1,1
projected_velocity_cfm,41,20.0672,1,1,1
projected_velocity_cfm,42,22.1997,1,1,1
projected_velocity_cfm,43,24.8414,1,1,1
projected_velocity_cfm,44,20.2167,1,1,1
projected_velocity_cfm,45,20.5449,0,1,0
projected_velocity_cfm,46,25.8213,1,1,1
projected_velocity_cfm,47,24.8753,1,1,1
projected_velocity_cfm,48,20.006,1,1,1
projected_velocity_cfm,49,19.7232,0,1,0
projected_velocity_cfm,50,23.9194,1,1,1
projected_velocity_cfm,51,21.8998,0,1,0
projected_velocity_cfm,52,20.833,0,1,0
projected_velocity_cfm,53,24.8546,1,1,1
projected_velocity_cfm,54,28.012,1,1,1
projected_velocity_cfm,55,20.2076,1,1,1
projected_velocity_cfm,56,20.7771,0,1,0
projected_velocity_cfm,57,21.1772,0,1,0
projected_velocity_cfm,58,25.9307,1,1,1
projected_velocity_cfm,59,22.3257,1,1,1
projected_velocity_cfm,60,23.0459,1,1,1
projected_velocity_cfm,61,24.6483,1,1,1
projected_velocity_cfm,62,25.0194,1,1,1
projected_velocity_cfm,63,20.0278,1,1,1
projected_velocity_cfm,64,23.4411,1,1,1
projected_velocity_cfm,65,23.77,1,1,1
projected_velocity_cfm,66,21.494,1,1,1
projected_velocity_cfm,67,23.2747,1,1,1
projected_velocity_cfm,68,20.6731,1,1,1
projected_velocity_cfm,69,21.9381,1,1,1
projected_velocity_cfm,70,23.6069,0,1,0
projected_velocity_cfm,71,21.3956,1,1,1
projected_velocity_cfm,72,23.0948,0,1,0
projected_velocity_cfm,73,21.318,1,1,1
projected_velocity_cfm,74,25.0346,0,1,0
projected_velocity_cfm,75,22.0648,1,1,1
projected_velocity_cfm,76,22.317,0,1,0
projected_velocity_cfm,77,22.1934,0,1,0
projected_velocity_cfm,78,20.8923,0,1,0
projected_velocity_cfm,79,27.1903,1,1,1
projected_velocity_cfm,80,23.5709,1,1,1
projected_velocity_cfm,81,20.431,1,1,1
projected_velocity_cfm,82,22.5868,0,1,0
projected_velocity_cfm,83,22.4081,1,1,1
projected_velocity_cfm,84,20.7634,1,1,1
projected_velocity_cfm,85,20.0881,0,1,0
projected_velocity_cfm,86,20.7123,0,1,0
projected_velocity_cfm,87,22.0569,1,1,1
projected_velocity_cfm,88,21.6367,0,1,0
projected_velocity_cfm,89,22.776,1,1,1
projected_velocity_cfm,90,20.0306,0,1,0
projected_velocity_cfm,91,20.0187,0,1,0
projected_velocity_cfm,92,19.939,1,1,1
projected_velocity_cfm,93,19.8943,0,1,0
projected_velocity_cfm,94,20.0511,1,1,1
projected_velocity_cfm,95,22.1615,1,1,1
projected_velocity_cfm,96,19.2503,0,1,0
projected_velocity_cfm,97,19.3915,1,1,1
projected_velocity_cfm,98,19.8269,0,1,0
projected_velocity_cfm,99,21.3665,0,1,0
projected_velocity_cfm,100,20.2608,1,1,1
projected_velocity_cfm,101,20.1022,1,1,1
projected_velocity_cfm,102,19.2701,0,1,0
projected_velocity_cfm,103,24.6597,1,1,1
projected_velocity_cfm,104,19.9963,1,1,1
projected_velocity_cfm,105,19.3789,1,1,1
projected_velocity_cfm,106,26.9588,1,1,1
projected_velocity_cfm,107,22.1007,1,1,1
projected_velocity_cfm,108,21.8819,1,1,1
projected_velocity_cfm,109,19.4584,0,1,0
projected_velocity_cfm,110,19.7894,1,1,1
projected_velocity_cfm,111,20.1717,1,1,1
projected_velocity_cfm,112,19.9937,1,1,1
projected_velocity_cfm,113,22.4437,1,1,1
projected_velocity_cfm,114,20.245,1,1,1
projected_velocity_cfm,115,22.4819,1,1,1
projected_velocity_cfm,116,19.4785,1,1,1
projected_velocity_cfm,117,19.6671,0,1,0
projected_velocity_cfm,118,24.1024,0,1,0
projected_velocity_cfm,119,19.5887,1,1,1
projected_velocity_cfm,120,19.6574,0,1,0
projected_velocity_cfm,121,20.5291,0,1,0
projected_velocity_cfm,122,20.4576,1,1,1
projected_velocity_cfm,123,19.9954,0,1,0
projected_velocity_cfm,124,20.0567,1,1,1
projected_velocity_cfm,125,22.5273,0,1,0
projected_velocity_cfm,126,22.9685,1,1,1
projected_velocity_cfm,127,19.9962,1,1,1
boundary_only,0,20.3667,0,1,0
boundary_only,1,19.8613,0,1,0
boundary_only,2,20.908,0,1,0
boundary_only,3,19.7263,0,1,0
boundary_only,4,19.5375,0,1,0
boundary_only,5,20.5069,0,1,0
boundary_only,6,19.5256,0,1,0
boundary_only,7,20.131,0,1,0
boundary_only,8,20.3997,0,1,0
boundary_only,9,19.4314,0,1,0
boundary_only,10,20.0005,0,1,0
boundary_only,11,19.8711,0,1,0
boundary_only,12,20.4029,0,1,0
boundary_only,13,19.8351,0,1,0
boundary_only,14,20.7888,0,1,0
boundary_only,15,20.3007,0,1,0
boundary_only,16,20.0618,0,1,0
boundary_only,17,20.6217,0,1,0
boundary_only,18,23.3281,0,1,0
boundary_only,19,22.9071,0,1,0
boundary_only,20,21.0578,0,1,0
boundary_only,21,21.4206,0,1,0
boundary_only,22,20.6832,0,1,0
boundary_only,23,20.3745,0,1,0
boundary_only,24,20.4812,0,1,0
boundary_only,25,20.1709,0,1,0
boundary_only,26,19.7195,0,1,0
boundary_only,27,20.4044,0,1,0
boundary_only,28,19.9931,0,1,0
boundary_only,29,19.8708,0,1,0
boundary_only,30,22.94,0,1,0
boundary_only,31,20.1027,0,1,0
boundary_only,32,19.8949,0,1,0
boundary_only,33,19.6687,0,1,0
boundary_only,34,20.3658,0,1,0
boundary_only,35,19.8135,0,1,0
boundary_only,36,20.3583,0,1,0
boundary_only,37,20.0811,0,1,0
boundary_only,38,21.7162,0,1,0
boundary_only,39,21.6821,0,1,0
boundary_only,40,20.0661,0,1,0
boundary_only,41,19.858,0,1,0
boundary_only,42,22.9354,0,1,0
boundary_only,43,19.8341,0,1,0
boundary_only,44,24.7515,0,1,0
boundary_only,45,24.3117,0,1,0
boundary_only,46,21.9071,0,1,0
boundary_only,47,21.1276,0,1,0
boundary_only,48,21.3563,0,1,0
boundary_only,49,20.4547,0,1,0
boundary_only,50,22.6332,0,1,0
boundary_only,51,21.6531,0,1,0
boundary_only,52,20.9399,0,1,0
boundary_only,53,23.4169,0,1,0
boundary_only,54,20.1729,0,1,0
boundary_only,55,20.1266,0,1,0
boundary_only,56,24.4747,0,1,0
boundary_only,57,23.3683,0,1,0
boundary_only,58,21.4899,0,1,0
boundary_only,59,23.2392,0,1,0
boundary_only,60,20.2669,0,1,0
boundary_only,61,22.3439,0,1,0
boundary_only,62,20.6516,0,1,0
boundary_only,63,23.1436,0,1,0
boundary_only,64,24.9659,0,1,0
boundary_only,65,24.2255,0,1,0
boundary_only,66,24.6839,0,1,0
boundary_only,67,27.6815,0,1,0
boundary_only,68,21.4144,0,1,0
boundary_only,69,20.7817,0,1,0
boundary_only,70,20.053,0,1,0
boundary_only,71,22.164,0,1,0
boundary_only,72,19.989,0,1,0
boundary_only,73,25.0811,0,1,0
boundary_only,74,24.9674,0,1,0
boundary_only,75,24.1471,0,1,0
boundary_only,76,21.1113,0,1,0
boundary_only,77,26.8928,0,1,0
boundary_only,78,20.7289,0,1,0
boundary_only,79,23.024,0,1,0
boundary_only,80,22.7918,0,1,0
boundary_only,81,30.671,0,1,0
boundary_only,82,25.2596,0,1,0
boundary_only,83,29.084,0,1,0
boundary_only,84,20.3913,0,1,0
boundary_only,85,19.2391,0,1,0
boundary_only,86,21.1314,0,1,0
boundary_only,87,19.747,0,1,0
boundary_only,88,22.4425,0,1,0
boundary_only,89,20.4193,0,1,0
boundary_only,90,20.2876,0,1,0
boundary_only,91,20.08,0,1,0
boundary_only,92,19.2914,0,1,0
boundary_only,93,19.6022,0,1,0
boundary_only,94,19.4832,0,1,0
boundary_only,95,19.6624,0,1,0
boundary_only,96,20.0054,0,1,0
boundary_only,97,20.4977,0,1,0
boundary_only,98,19.3814,0,1,0
boundary_only,99,19.6683,0,1,0
boundary_only,100,18.9288,0,1,0
boundary_only,101,25.5854,0,1,0
boundary_only,102,20.1211,0,1,0
boundary_only,103,21.6285,0,1,0
boundary_only,104,23.21,0,1,0
boundary_only,105,23.3531,0,1,0
boundary_only,106,19.9058,0,1,0
boundary_only,107,19.6622,0,1,0
boundary_only,108,20.3448,0,1,0
boundary_only,109,20.7459,0,1,0
boundary_only,110,21.9612,0,1,0
boundary_only,111,20.3069,0,1,0
boundary_only,112,19.4028,0,1,0
boundary_only,113,20.2366,0,1,0
boundary_only,114,20.2466,0,1,0
boundary_only,115,20.4498,0,1,0
boundary_only,116,20.4448,0,1,0
boundary_only,117,21.5654,0,1,0
boundary_only,118,21.2145,0,1,0
boundary_only,119,26.3857,0,1,0
boundary_only,120,24.1172,0,1,0
boundary_only,121,24.608,0,1,0
boundary_only,122,20.1056,0,1,0
boundary_only,123,19.638,0,1,0
boundary_only,124,23.9542,0,1,0
boundary_only,125,20.0947,0,1,0
boundary_only,126,22.8833,0,1,0
boundary_only,127,19.838,0,1,0
plus_safe_prior,0,27.6599,0,1,0
plus_safe_prior,1,27.3827,0,1,0
plus_safe_prior,2,21.6637,0,1,0
plus_safe_prior,3,22.1885,0,1,0
plus_safe_prior,4,22.2123,0,1,0
plus_safe_prior,5,22.1748,0,1,0
plus_safe_prior,6,22.5048,0,1,0
plus_safe_prior,7,22.0893,0,1,0
plus_safe_prior,8,26.3553,0,1,0
plus_safe_prior,9,21.792,0,1,0
plus_safe_prior,10,25.1235,0,1,0
plus_safe_prior,11,23.0783,0,1,0
plus_safe_prior,12,29.6612,0,1,0
plus_safe_prior,13,24.8462,0,1,0
plus_safe_prior,14,23.9829,0,1,0
plus_safe_prior,15,25.1586,0,1,0
plus_safe_prior,16,23.8495,0,1,0
plus_safe_prior,17,22.075,0,1,0
plus_safe_prior,18,27.2867,0,1,0
plus_safe_prior,19,24.6175,0,1,0
plus_safe_prior,20,27.3654,0,1,0
plus_safe_prior,21,24.9421,0,1,0
plus_safe_prior,22,29.0438,0,1,0
plus_safe_prior,23,29.7004,0,1,0
plus_safe_prior,24,27.4489,0,1,0
plus_safe_prior,25,28.4332,0,1,0
plus_safe_prior,26,30.9913,0,1,0
plus_safe_prior,27,37.1641,0,1,0
plus_safe_prior,28,24.9662,0,1,0
plus_safe_prior,29,21.9002,0,1,0
plus_safe_prior,30,21.9666,0,1,0
plus_safe_prior,31,23.0184,0,1,0
plus_safe_prior,32,24.4981,0,1,0
plus_safe_prior,33,22.875,0,1,0
plus_safe_prior,34,23.2814,0,1,0
plus_safe_prior,35,22.8364,0,1,0
plus_safe_prior,36,23.5507,0,1,0
plus_safe_prior,37,22.7052,0,1,0
plus_safe_prior,38,22.8979,0,1,0
plus_safe_prior,39,23.1356,0,1,0
plus_safe_prior,40,22.4629,0,1,0
plus_safe_prior,41,26.2064,0,1,0
plus_safe_prior,42,25.1506,0,1,0
plus_safe_prior,43,25.1819,0,1,0
plus_safe_prior,44,22.2748,0,1,0
plus_safe_prior,45,29.4891,0,1,0
plus_safe_prior,46,22.3956,0,1,0
plus_safe_prior,47,24.1009,0,1,0
plus_safe_prior,48,22.2193,0,1,0
plus_safe_prior,49,25.3458,0,1,0
plus_safe_prior,50,29.0605,0,1,0
plus_safe_prior,51,28.4239,0,1,0
plus_safe_prior,52,27.3481,0,1,0
plus_safe_prior,53,23.3856,0,1,0
plus_safe_prior,54,27.6297,0,1,0
plus_safe_prior,55,23.7716,0,1,0
plus_safe_prior,56,27.2697,0,1,0
plus_safe_prior,57,22.5421,0,1,0
plus_safe_prior,58,23.0447,0,1,0
plus_safe_prior,59,37.3692,0,1,0
plus_safe_prior,60,27.9164,0,1,0
plus_safe_prior,61,28.4437,0,1,0
plus_safe_prior,62,28.1842,0,1,0
plus_safe_prior,63,28.7222,0,1,0
plus_safe_prior,64,28.2672,0,1,0
plus_safe_prior,65,28.012,0,1,0
plus_safe_prior,66,30.9613,0,1,0
plus_safe_prior,67,21.8725,0,1,0
plus_safe_prior,68,23.8067,0,1,0
plus_safe_prior,69,23.0212,0,1,0
plus_safe_prior,70,28.0789,0,1,0
plus_safe_prior,71,25.4727,0,1,0
plus_safe_prior,72,22.3211,0,1,0
plus_safe_prior,73,27.1846,0,1,0
plus_safe_prior,74,30.5927,0,1,0
plus_safe_prior,75,25.987,0,1,0
plus_safe_prior,76,34.261,0,1,0
plus_safe_prior,77,36.4915,0,1,0
plus_safe_prior,78,32.9706,0,1,0
plus_safe_prior,79,25.0566,0,1,0
plus_safe_prior,80,29.5972,0,1,0
plus_safe_prior,81,27.4626,0,1,0
plus_safe_prior,82,23.1936,0,1,0
plus_safe_prior,83,21.9253,0,1,0
plus_safe_prior,84,26.6875,0,1,0
plus_safe_prior,85,24.7412,0,1,0
plus_safe_prior,86,28.0421,0,1,0
plus_safe_prior,87,22.7768,0,1,0
plus_safe_prior,88,22.915,0,1,0
plus_safe_prior,89,23.2627,0,1,0
plus_safe_prior,90,21.6682,0,1,0
plus_safe_prior,91,26.9605,0,1,0
plus_safe_prior,92,22.4131,0,1,0
plus_safe_prior,93,25.9236,0,1,0
plus_safe_prior,94,26.9179,0,1,0
plus_safe_prior,95,22.1931,0,1,0
plus_safe_prior,96,25.2682,0,1,0
plus_safe_prior,97,27.6794,0,1,0
plus_safe_prior,98,23.3632,0,1,0
plus_safe_prior,99,23.8605,0,1,0
plus_safe_prior,100,24.9985,0,1,0
plus_safe_prior,101,23.1363,0,1,0
plus_safe_prior,102,31.4694,0,1,0
plus_safe_prior,103,29.4506,0,1,0
plus_safe_prior,104,21.9426,0,1,0
plus_safe_prior,105,22.2564,0,1,0
plus_safe_prior,106,27.0349,0,1,0
plus_safe_prior,107,29.6216,0,1,0
plus_safe_prior,108,27.0885,0,1,0
plus_safe_prior,109,36.6201,1,1,1
plus_safe_prior,110,23.8042,0,1,0
plus_safe_prior,111,22.2213,0,1,0
plus_safe_prior,112,26.0913,0,1,0
plus_safe_prior,113,22.8431,0,1,0
plus_safe_prior,114,23.1792,0,1,0
plus_safe_prior,115,25.9568,0,1,0
plus_safe_prior,116,24.3036,0,1,0
plus_safe_prior,117,20.6561,0,1,0
plus_safe_prior,118,21.5305,0,1,0
plus_safe_prior,119,29.7827,1,1,1
plus_safe_prior,120,20.5893,0,1,0
plus_safe_prior,121,20.589,0,1,0
plus_safe_prior,122,28.5857,0,1,0
plus_safe_prior,123,33.206,0,1,0
plus_safe_prior,124,21.4769,0,1,0
plus_safe_prior,125,21.7769,0,1,0
plus_safe_prior,126,30.4621,0,1,0
plus_safe_prior,127,23.5443,0,1,0
plus_cbf,0,46.0042,0,1,0
plus_cbf,1,51.1875,0,1,0
plus_cbf,2,51.738,0,1,0
plus_cbf,3,47.3555,0,1,0
plus_cbf,4,67.813,0,1,0
plus_cbf,5,53.2314,0,1,0
plus_cbf,6,43.8126,0,1,0
plus_cbf,7,48.8913,0,1,0
plus_cbf,8,46.3514,0,1,0
plus_cbf,9,49.0492,0,1,0
plus_cbf,10,54.1944,0,1,0
plus_cbf,11,50.6377,0,1,0
plus_cbf,12,46.5404,0,1,0
plus_cbf,13,55.3208,0,1,0
plus_cbf,14,46.897,0,1,0
plus_cbf,15,47.4729,0,1,0
plus_cbf,16,50.9392,0,1,0
plus_cbf,17,45.6686,0,1,0
plus_cbf,18,47.6453,0,1,0
plus_cbf,19,49.9569,0,1,0
plus_cbf,20,71.0862,0,1,0
plus_cbf,21,45.3642,0,1,0
plus_cbf,22,46.335,0,1,0
plus_cbf,23,51.6373,0,1,0
plus_cbf,24,47.4597,0,1,0
plus_cbf,25,50.9817,0,1,0
plus_cbf,26,53.037,0,1,0
plus_cbf,27,57.7817,0,1,0
plus_cbf,28,51.5648,0,1,0
plus_cbf,29,46.598,0,1,0
plus_cbf,30,49.4432,0,1,0
plus_cbf,31,49.9579,0,1,0
plus_cbf,32,58.7033,0,1,0
plus_cbf,33,48.3481,0,1,0
plus_cbf,34,54.5196,0,1,0
plus_cbf,35,55.6223,0,1,0
plus_cbf,36,53.3088,0,1,0
plus_cbf,37,47.6073,0,1,0
plus_cbf,38,47.108,0,1,0
plus_cbf,39,44.4368,0,1,0
plus_cbf,40,48.7939,0,1,0
plus_cbf,41,49.2521,0,1,0
plus_cbf,42,48.067,0,1,0
plus_cbf,43,45.0486,0,1,0
plus_cbf,44,45.2192,0,1,0
plus_cbf,45,43.4613,0,1,0
plus_cbf,46,48.3376,0,1,0
plus_cbf,47,56.0071,0,1,0
plus_cbf,48,52.6612,0,1,0
plus_cbf,49,44.4657,0,1,0
plus_cbf,50,49.2303,0,1,0
plus_cbf,51,44.5018,0,1,0
plus_cbf,52,52.7841,0,1,0
plus_cbf,53,43.3797,0,1,0
plus_cbf,54,43.7242,0,1,0
plus_cbf,55,45.1507,0,1,0
plus_cbf,56,46.4992,0,1,0
plus_cbf,57,44.2476,0,1,0
plus_cbf,58,43.103,0,1,0
plus_cbf,59,49.9569,0,1,0
plus_cbf,60,43.2046,0,1,0
plus_cbf,61,43.4948,0,1,0
plus_cbf,62,43.7784,0,1,0
plus_cbf,63,43.5935,0,1,0
plus_cbf,64,65.0331,0,1,0
plus_cbf,65,45.4676,0,1,0
plus_cbf,66,44.5813,0,1,0
plus_cbf,67,45.3495,0,1,0
plus_cbf,68,48.0015,0,1,0
plus_cbf,69,48.0222,0,1,0
plus_cbf,70,47.4276,0,1,0
plus_cbf,71,49.178,0,1,0
plus_cbf,72,52.8424,0,1,0
plus_cbf,73,48.9223,0,1,0
plus_cbf,74,48.2065,0,1,0
plus_cbf,75,46.8845,0,1,0
plus_cbf,76,51.4631,0,1,0
plus_cbf,77,58.2439,0,1,0
plus_cbf,78,49.8307,0,1,0
plus_cbf,79,51.9942,0,1,0
plus_cbf,80,51.0536,0,1,0
plus_cbf,81,45.46,0,1,0
plus_cbf,82,47.3,0,1,0
plus_cbf,83,44.5751,0,1,0
plus_cbf,84,44.8868,0,1,0
plus_cbf,85,46.6072,0,1,0
plus_cbf,86,48.3382,0,1,0
plus_cbf,87,44.9789,0,1,0
plus_cbf,88,44.477,0,1,0
plus_cbf,89,49.015,0,1,0
plus_cbf,90,48.8231,0,1,0
plus_cbf,91,49.6412,0,1,0
plus_cbf,92,65.4075,0,1,0
plus_cbf,93,49.063,0,1,0
plus_cbf,94,66.6691,0,1,0
plus_cbf,95,47.8895,0,1,0
plus_cbf,96,52.4572,0,1,0
plus_cbf,97,51.6364,0,1,0
plus_cbf,98,52.3615,0,1,0
plus_cbf,99,57.2467,0,1,0
plus_cbf,100,55.0243,0,1,0
plus_cbf,101,55.9824,0,1,0
plus_cbf,102,58.251,0,1,0
plus_cbf,103,51.498,0,1,0
plus_cbf,104,54.7932,0,1,0
plus_cbf,105,60.2267,0,1,0
plus_cbf,106,60.6534,0,1,0
plus_cbf,107,45.3975,0,1,0
plus_cbf,108,55.4446,0,1,0
plus_cbf,109,54.9283,1,1,1
plus_cbf,110,47.8756,0,1,0
plus_cbf,111,45.8668,0,1,0
plus_cbf,112,64.1095,0,1,0
plus_cbf,113,49.1325,0,1,0
plus_cbf,114,52.2551,0,1,0
plus_cbf,115,46.221,0,1,0
plus_cbf,116,45.4347,0,1,0
plus_cbf,117,55.3282,0,1,0
plus_cbf,118,51.9511,0,1,0
plus_cbf,119,50.6655,1,1,1
plus_cbf,120,44.5181,0,1,0
plus_cbf,121,52.9597,0,1,0
plus_cbf,122,48.737,0,1,0
plus_cbf,123,81.605,0,1,0
plus_cbf,124,48.5167,0,1,0
plus_cbf,125,48.293,0,1,0
plus_cbf,126,49.0637,0,1,0
plus_cbf,127,46.7457,0,1,0
plus_kinodynamic,0,51.4007,1,1,1
plus_kinodynamic,1,55.0545,1,1,1
plus_kinodynamic,2,54.0319,1,1,1
plus_kinodynamic,3,60.36,1,1,1
plus_kinodynamic,4,81.2571,1,1,1
plus_kinodynamic,5,66.9891,1,1,1
plus_kinodynamic,6,67.0035,1,1,1
plus_kinodynamic,7,71.8294,1,1,1
plus_kinodynamic,8,64.6409,1,1,1
plus_kinodynamic,9,49.3627,1,1,1
plus_kinodynamic,10,63.345,1,1,1
plus_kinodynamic,11,56.2518,1,1,1
plus_kinodynamic,12,62.3413,1,1,1
plus_kinodynamic,13,61.3798,1,1,1
plus_kinodynamic,14,58.9049,1,1,1
plus_kinodynamic,15,54.6701,1,1,1
plus_kinodynamic,16,55.1947,1,1,1
plus_kinodynamic,17,53.1324,1,1,1
plus_kinodynamic,18,55.3862,1,1,1
plus_kinodynamic,19,71.1353,1,1,1
plus_kinodynamic,20,85.9386,1,1,1
plus_kinodynamic,21,54.3729,1,1,1
plus_kinodynamic,22,63.214,1,1,1
plus_kinodynamic,23,63.1103,1,1,1
plus_kinodynamic,24,60.4233,1,1,1
plus_kinodynamic,25,66.8069,1,1,1
plus_kinodynamic,26,67.7409,1,1,1
plus_kinodynamic,27,73.9632,1,1,1
plus_kinodynamic,28,61.8747,1,1,1
plus_kinodynamic,29,51.2372,1,1,1
plus_kinodynamic,30,54.9131,1,1,1
plus_kinodynamic,31,51.4136,1,1,1
plus_kinodynamic,32,64.3547,1,1,1
plus_kinodynamic,33,64.5662,1,1,1
plus_kinodynamic,34,57.2185,1,1,1
plus_kinodynamic,35,54.2736,1,1,1
plus_kinodynamic,36,55.1079,1,1,1
plus_kinodynamic,37,50.772,1,1,1
plus_kinodynamic,38,50.5966,1,1,1
plus_kinodynamic,39,49.2431,1,1,1
plus_kinodynamic,40,52.8907,1,1,1
plus_kinodynamic,41,61.8445,1,1,1
plus_kinodynamic,42,58.4594,1,1,1
plus_kinodynamic,43,52.9095,1,1,1
plus_kinodynamic,44,52.3098,1,1,1
plus_kinodynamic,45,52.338,1,1,1
plus_kinodynamic,46,52.7122,1,1,1
plus_kinodynamic,47,51.66,1,1,1
plus_kinodynamic,48,53.577,1,1,1
plus_kinodynamic,49,58.0259,1,1,1
plus_kinodynamic,50,57.2045,1,1,1
plus_kinodynamic,51,56.4431,1,1,1
plus_kinodynamic,52,69.5613,1,1,1
plus_kinodynamic,53,60.3882,1,1,1
plus_kinodynamic,54,58.3485,1,1,1
plus_kinodynamic,55,58.204,1,1,1
plus_kinodynamic,56,67.5054,1,1,1
plus_kinodynamic,57,52.6238,1,1,1
plus_kinodynamic,58,49.7908,1,1,1
plus_kinodynamic,59,59.4978,1,1,1
plus_kinodynamic,60,48.7361,1,1,1
plus_kinodynamic,61,46.034,1,1,1
plus_kinodynamic,62,49.723,1,1,1
plus_kinodynamic,63,55.0333,1,1,1
plus_kinodynamic,64,66.0017,1,1,1
plus_kinodynamic,65,47.664,1,1,1
plus_kinodynamic,66,48.8608,1,1,1
plus_kinodynamic,67,48.9465,1,1,1
plus_kinodynamic,68,52.175,1,1,1
plus_kinodynamic,69,53.0379,1,1,1
plus_kinodynamic,70,53.7964,1,1,1
plus_kinodynamic,71,52.1029,1,1,1
plus_kinodynamic,72,64.471,1,1,1
plus_kinodynamic,73,59.9317,1,1,1
plus_kinodynamic,74,57.7432,1,1,1
plus_kinodynamic,75,50.9666,1,1,1
plus_kinodynamic,76,53.4654,1,1,1
plus_kinodynamic,77,59.6625,1,1,1
plus_kinodynamic,78,54.4315,1,1,1
plus_kinodynamic,79,56.4587,1,1,1
plus_kinodynamic,80,72.1996,1,1,1
plus_kinodynamic,81,57.7575,1,1,1
plus_kinodynamic,82,60.0369,1,1,1
plus_kinodynamic,83,56.2663,1,1,1
plus_kinodynamic,84,52.6827,1,1,1
plus_kinodynamic,85,53.4646,1,1,1
plus_kinodynamic,86,52.0279,1,1,1
plus_kinodynamic,87,48.4132,1,1,1
plus_kinodynamic,88,49.6411,1,1,1
plus_kinodynamic,89,51.2384,1,1,1
plus_kinodynamic,90,49.4317,1,1,1
plus_kinodynamic,91,58.8574,1,1,1
plus_kinodynamic,92,72.6656,1,1,1
plus_kinodynamic,93,48.0052,1,1,1
plus_kinodynamic,94,69.9815,1,1,1
plus_kinodynamic,95,53.8496,1,1,1
plus_kinodynamic,96,52.3542,1,1,1
plus_kinodynamic,97,60.3293,1,1,1
plus_kinodynamic,98,49.0024,1,1,1
plus_kinodynamic,99,53.6971,1,1,1
plus_kinodynamic,100,62.2873,1,1,1
plus_kinodynamic,101,67.5628,1,1,1
plus_kinodynamic,102,73.9072,1,1,1
plus_kinodynamic,103,52.8092,1,1,1
plus_kinodynamic,104,48.0368,1,1,1
plus_kinodynamic,105,60.6002,1,1,1
plus_kinodynamic,106,54.9638,1,1,1
plus_kinodynamic,107,47.4588,1,1,1
plus_kinodynamic,108,51.7642,1,1,1
plus_kinodynamic,109,51.4139,1,1,1
plus_kinodynamic,110,48.6269,1,1,1
plus_kinodynamic,111,53.7544,1,1,1
plus_kinodynamic,112,75.1208,1,1,1
plus_kinodynamic,113,52.1141,1,1,1
plus_kinodynamic,114,53.596,1,1,1
plus_kinodynamic,115,49.2671,1,1,1
plus_kinodynamic,116,50.5772,1,1,1
plus_kinodynamic,117,58.9198,1,1,1
plus_kinodynamic,118,52.7268,1,1,1
plus_kinodynamic,119,53.3028,1,1,1
plus_kinodynamic,120,47.5502,1,1,1
plus_kinodynamic,121,57.1633,1,1,1
plus_kinodynamic,122,47.0825,1,1,1
plus_kinodynamic,123,85.8011,1,1,1
plus_kinodynamic,124,57.2592,1,1,1
plus_kinodynamic,125,49.146,1,1,1
plus_kinodynamic,126,51.9744,1,1,1
plus_kinodynamic,127,47.4377,1,1,1
plus_execution_margin,0,60.3897,1,1,1
plus_execution_margin,1,58.4179,1,1,1
plus_execution_margin,2,48.8073,1,1,1
plus_execution_margin,3,49.2974,1,1,1
plus_execution_margin,4,70.9726,1,1,1
plus_execution_margin,5,62.6914,1,1,1
plus_execution_margin,6,54.6109,1,1,1
plus_execution_margin,7,49.6927,1,1,1
plus_execution_margin,8,48.2874,1,1,1
plus_execution_margin,9,55.9386,1,1,1
plus_execution_margin,10,51.4236,1,1,1
plus_execution_margin,11,53.2477,1,1,1
plus_execution_margin,12,62.7162,1,1,1
plus_execution_margin,13,49.1629,1,1,1
plus_execution_margin,14,49.3586,1,1,1
plus_execution_margin,15,53.2202,1,1,1
plus_execution_margin,16,64.1507,1,1,1
plus_execution_margin,17,55.5925,1,1,1
plus_execution_margin,18,48.0163,1,1,1
plus_execution_margin,19,58.2194,1,1,1
plus_execution_margin,20,89.2401,1,1,1
plus_execution_margin,21,66.4475,1,1,1
plus_execution_margin,22,60.479,1,1,1
plus_execution_margin,23,67.0961,1,1,1
plus_execution_margin,24,48.8946,1,1,1
plus_execution_margin,25,59.2095,1,1,1
plus_execution_margin,26,60.3924,1,1,1
plus_execution_margin,27,76.5079,1,1,1
plus_execution_margin,28,76.6071,1,1,1
plus_execution_margin,29,55.4781,1,1,1
plus_execution_margin,30,56.9124,1,1,1
plus_execution_margin,31,49.1661,1,1,1
plus_execution_margin,32,56.0346,1,1,1
plus_execution_margin,33,53.4823,1,1,1
plus_execution_margin,34,62.3977,1,1,1
plus_execution_margin,35,67.9955,1,1,1
plus_execution_margin,36,59.692,1,1,1
plus_execution_margin,37,51.8742,1,1,1
plus_execution_margin,38,56.5247,1,1,1
plus_execution_margin,39,50.4732,1,1,1
plus_execution_margin,40,59.0303,1,1,1
plus_execution_margin,41,73.3864,1,1,1
plus_execution_margin,42,64.5485,1,1,1
plus_execution_margin,43,53.296,1,1,1
plus_execution_margin,44,49.4905,1,1,1
plus_execution_margin,45,46.1529,1,1,1
plus_execution_margin,46,49.2176,1,1,1
plus_execution_margin,47,45.9222,1,1,1
plus_execution_margin,48,49.2886,1,1,1
plus_execution_margin,49,46.4496,1,1,1
plus_execution_margin,50,47.8451,1,1,1
plus_execution_margin,51,50.0507,1,1,1
plus_execution_margin,52,60.1388,1,1,1
plus_execution_margin,53,50.3196,1,1,1
plus_execution_margin,54,51.0177,1,1,1
plus_execution_margin,55,49.7677,1,1,1
plus_execution_margin,56,53.9365,1,1,1
plus_execution_margin,57,48.017,1,1,1
plus_execution_margin,58,48.4054,1,1,1
plus_execution_margin,59,53.4838,1,1,1
plus_execution_margin,60,47.5107,1,1,1
plus_execution_margin,61,53.562,1,1,1
plus_execution_margin,62,48.9741,1,1,1
plus_execution_margin,63,47.5482,1,1,1
plus_execution_margin,64,63.1508,1,1,1
plus_execution_margin,65,52.3166,1,1,1
plus_execution_margin,66,50.7677,1,1,1
plus_execution_margin,67,51.3764,1,1,1
plus_execution_margin,68,47.8705,1,1,1
plus_execution_margin,69,47.2437,1,1,1
plus_execution_margin,70,49.9008,1,1,1
plus_execution_margin,71,52.7449,1,1,1
plus_execution_margin,72,54.3139,1,1,1
plus_execution_margin,73,48.8077,1,1,1
plus_execution_margin,74,56.5407,1,1,1
plus_execution_margin,75,49.0722,1,1,1
plus_execution_margin,76,47.7645,1,1,1
plus_execution_margin,77,50.6012,1,1,1
plus_execution_margin,78,50.6455,1,1,1
plus_execution_margin,79,52.0613,1,1,1
plus_execution_margin,80,51.6635,1,1,1
plus_execution_margin,81,57.2911,1,1,1
plus_execution_margin,82,53.3649,1,1,1
plus_execution_margin,83,49.2574,1,1,1
plus_execution_margin,84,49.2859,1,1,1
plus_execution_margin,85,50.5349,1,1,1
plus_execution_margin,86,47.9767,1,1,1
plus_execution_margin,87,47.8717,1,1,1
plus_execution_margin,88,51.0612,1,1,1
plus_execution_margin,89,49.6335,1,1,1
plus_execution_margin,90,47.3742,1,1,1
plus_execution_margin,91,55.1729,1,1,1
plus_execution_margin,92,69.4422,1,1,1
plus_execution_margin,93,46.0946,1,1,1
plus_execution_margin,94,59.9613,1,1,1
plus_execution_margin,95,47.8378,1,1,1
plus_execution_margin,96,51.3087,1,1,1
plus_execution_margin,97,46.2256,1,1,1
plus_execution_margin,98,45.3425,1,1,1
plus_execution_margin,99,45.9674,1,1,1
plus_execution_margin,100,46.3052,1,1,1
plus_execution_margin,101,45.1607,1,1,1
plus_execution_margin,102,53.4059,1,1,1
plus_execution_margin,103,51.3716,1,1,1
plus_execution_margin,104,46.149,1,1,1
plus_execution_margin,105,59.1652,1,1,1
plus_execution_margin,106,62.227,1,1,1
plus_execution_margin,107,53.2333,1,1,1
plus_execution_margin,108,58.1974,1,1,1
plus_execution_margin,109,53.4531,1,1,1
plus_execution_margin,110,47.9166,1,1,1
plus_execution_margin,111,48.5832,1,1,1
plus_execution_margin,112,65.8192,1,1,1
plus_execution_margin,113,48.1508,1,1,1
plus_execution_margin,114,58.4189,1,1,1
plus_execution_margin,115,46.9535,1,1,1
plus_execution_margin,116,47.5453,1,1,1
plus_execution_margin,117,58.6885,1,1,1
plus_execution_margin,118,53.8694,1,1,1
plus_execution_margin,119,55.5927,1,1,1
plus_execution_margin,120,48.0403,1,1,1
plus_execution_margin,121,58.7062,1,1,1
plus_execution_margin,122,53.7644,1,1,1
plus_execution_margin,123,87.0825,1,1,1
plus_execution_margin,124,48.5842,1,1,1
plus_execution_margin,125,53.1564,1,1,1
plus_execution_margin,126,54.107,1,1,1
plus_execution_margin,127,47.3682,1,1,1
